time,aqi,pm2_5,pm10,so2,co,no2,o3,cityname
2016/5/4,265,215,311,39,1.9,118,46,成都
2016/5/5,269,219,334,38,2.6,106,66,成都
2016/5/6,285,235,343,51,2.5,97,40,成都
2016/5/7,205,155,226,38,1.8,69,62,成都
2016/5/8,216,166,266,44,2.4,88,66,成都
2016/5/9,248,198,302,48,2,83,56,成都
2016/5/10,209,159,237,43,1.6,65,39,成都
2016/5/11,151,115,183,33,1.6,74,50,成都
2016/5/12,105,79,155,35,1.3,85,36,成都
2016/5/13,134,102,181,30,1.5,81,71,成都
2016/5/14,126,96,164,40,1.3,70,41,成都
2016/5/15,166,126,210,34,1.5,75,78,成都
2016/5/16,159,121,182,26,1.3,75,41,成都
2016/5/17,72,53,90,18,1,57,36,成都
2016/5/18,114,86,146,29,1.5,63,67,成都
2016/5/19,160,122,193,46,1.8,86,50,成都
2016/5/20,154,118,175,33,1.6,80,37,成都
2016/5/21,142,109,156,17,1.1,55,23,成都
2016/5/22,138,105,154,20,1,57,30,成都
2016/5/23,112,85,127,23,1,59,46,成都
2016/5/24,137,105,150,21,1.2,55,29,成都
2016/5/25,163,124,186,31,1.4,65,44,成都
2016/5/26,212,162,259,34,1.7,80,27,成都
2016/5/27,226,176,248,38,1.6,72,20,成都
2016/5/28,141,108,166,28,1.4,62,54,成都
2016/5/29,141,108,181,27,1.5,70,47,成都
2016/5/30,160,122,185,24,1.6,85,38,成都
2016/5/31,187,141,213,29,1.5,77,44,成都
2016/6/1,212,162,246,22,1.8,87,46,成都
2016/6/2,253,203,313,21,2.2,81,35,成都
2016/6/3,227,177,244,18,1.5,73,20,成都
2016/6/4,229,179,270,28,1.8,76,31,成都
2016/6/5,200,150,229,30,1.9,81,50,成都
2016/6/6,192,144,234,32,2,99,54,成都
2016/6/7,253,203,296,59,1.8,108,42,成都
2016/6/8,205,155,226,40,1.5,77,36,成都
2016/6/9,99,74,98,19,1.1,64,44,成都
2016/6/10,78,58,98,20,0.9,59,55,成都
2016/6/11,121,92,154,26,1,59,55,成都
2016/6/12,135,103,135,31,1,51,39,成都
2016/6/13,119,90,127,25,1.2,61,40,成都
2016/6/14,106,80,130,26,1.1,64,59,成都
2016/6/15,110,83,132,24,1,70,66,成都
2016/6/16,215,165,257,52,1.7,88,43,成都
2016/6/17,235,185,268,38,1.7,78,21,成都
2016/6/18,255,205,304,39,1.8,85,54,成都
2016/6/19,269,219,308,37,1.8,92,36,成都
2016/6/20,305,255,344,42,2.1,73,29,成都
2016/6/21,148,114,157,30,1.3,54,61,成都
2016/6/22,74,54,98,17,1,57,61,成都
2016/6/23,157,120,199,39,1.4,71,38,成都
2016/6/24,248,198,303,39,1.7,99,75,成都
2016/6/25,293,243,355,52,1.9,106,68,成都
2016/6/26,273,223,323,46,1.9,99,71,成都
2016/6/27,242,192,286,37,1.8,96,46,成都
2016/6/28,262,212,282,37,1.8,79,89,成都
2016/6/29,347,297,379,24,1.9,61,61,成都
2016/6/30,357,307,401,25,2.1,61,62,成都
2016/7/1,333,283,352,16,1.8,47,58,成都
2016/7/2,345,295,377,11,1.8,48,38,成都
2016/7/3,462,396,562,19,1.9,42,39,成都
2016/7/4,211,161,207,14,1.6,44,73,成都
2016/7/5,193,145,177,14,1.4,34,78,成都
2016/7/6,203,153,188,14,1.3,41,66,成都
2016/7/7,207,157,194,16,1.3,33,55,成都
2016/7/8,93,69,94,13,1.4,22,44,成都
2016/7/9,43,26,43,10,1.4,20,33,成都
2016/7/10,99,74,97,26,1.2,41,44,成都
2016/7/11,100,75,107,25,1.2,36,42,成都
2016/7/12,70,51,71,11,1,24,59,成都
2016/7/13,109,82,104,15,1.4,32,57,成都
2016/7/14,130,99,121,16,1.5,45,51,成都
2016/7/15,132,100,121,17,1.5,40,56,成都
2016/7/16,169,128,159,16,1.7,51,75,成都
2016/7/17,150,115,150,29,1.4,56,67,成都
2016/7/18,181,136,175,36,1.3,57,66,成都
2016/7/19,203,153,202,26,1.7,68,42,成都
2016/7/20,147,113,142,29,1.3,43,42,成都
2016/7/21,115,87,107,19,1.5,54,68,成都
2016/7/22,137,105,138,27,1.4,58,65,成都
2016/7/23,226,176,252,45,1.9,73,38,成都
2016/7/24,212,162,223,50,1.8,89,41,成都
2016/7/25,231,181,259,40,1.9,75,70,成都
2016/7/26,234,184,252,50,1.9,75,68,成都
2016/7/27,200,150,200,32,1.5,65,70,成都
2016/7/28,140,107,153,27,1.2,60,44,成都
2016/7/29,103,77,112,39,1.2,51,30,成都
2016/7/30,55,34,60,18,0.9,45,43,成都
2016/7/31,70,50,90,19,1,45,30,成都
2016/8/1,70,49,90,21,1,55,45,成都
2016/8/2,73,54,95,15,1.1,52,49,成都
2016/8/3,66,48,71,16,1.1,44,31,成都
2016/8/4,61,43,72,16,1.2,46,80,成都
2016/8/5,87,64,100,22,1.3,66,56,成都
2016/8/6,63,45,67,20,1.4,51,37,成都
2016/8/7,76,56,83,16,1.4,52,22,成都
2016/8/8,40,27,40,10,1.1,44,78,成都
2016/8/9,95,71,113,19,1.4,67,52,成都
2016/8/10,130,99,158,34,1.6,70,44,成都
2016/8/11,136,104,160,40,1.5,73,88,成都
2016/8/12,111,84,171,28,1.1,70,67,成都
2016/8/13,115,73,179,23,0.9,61,82,成都
2016/8/14,73,42,96,11,0.7,40,100,成都
2016/8/15,100,75,129,26,1.1,70,104,成都
2016/8/16,180,136,222,33,1.5,86,154,成都
2016/8/17,173,131,199,46,1.4,77,125,成都
2016/8/18,162,123,190,29,1.5,96,112,成都
2016/8/19,165,126,216,55,1.5,76,121,成都
2016/8/20,80,42,110,13,0.9,48,88,成都
2016/8/21,67,37,85,13,0.7,42,63,成都
2016/8/22,63,45,73,11,0.9,48,41,成都
2016/8/23,85,63,86,12,1.1,56,44,成都
2016/8/24,114,86,121,28,1.1,65,55,成都
2016/8/25,161,123,189,26,1.5,76,91,成都
2016/8/26,211,161,224,29,1.8,85,86,成都
2016/8/27,211,161,238,35,1.9,101,98,成都
2016/8/28,204,154,228,30,1.8,89,143,成都
2016/8/29,208,158,251,36,2.2,103,86,成都
2016/8/30,113,86,135,20,1.5,46,79,成都
2016/8/31,49,28,49,12,1,40,70,成都
2016/9/1,54,34,58,12,0.8,45,91,成都
2016/9/2,70,51,87,13,0.9,55,121,成都
2016/9/3,104,78,133,21,1.3,77,68,成都
2016/9/4,72,52,79,14,0.9,50,82,成都
2016/9/5,71,52,75,12,1.2,60,57,成都
2016/9/6,87,65,94,10,1.2,47,123,成都
2016/9/7,107,81,112,14,1.2,59,86,成都
2016/9/8,160,122,195,29,2.1,89,88,成都
2016/9/9,146,112,174,25,2,76,132,成都
2016/9/10,123,94,129,25,1.4,51,90,成都
2016/9/11,60,36,56,11,1,36,112,成都
2016/9/12,114,41,74,13,1,58,175,成都
2016/9/13,105,64,112,20,1.2,65,165,成都
2016/9/14,89,66,98,28,1.2,43,111,成都
2016/9/15,75,55,84,24,1.1,35,78,成都
2016/9/16,88,59,92,26,1.1,51,146,成都
2016/9/17,82,60,97,16,1.2,53,101,成都
2016/9/18,68,39,58,13,0.9,34,121,成都
2016/9/19,93,17,34,8,0.6,33,151,成都
2016/9/20,60,43,67,11,0.9,45,97,成都
2016/9/21,43,26,43,15,1,36,74,成都
2016/9/22,81,33,56,18,0.8,41,137,成都
2016/9/23,97,73,113,15,1,70,105,成都
2016/9/24,118,90,123,11,1.1,55,140,成都
2016/9/25,80,57,111,12,0.7,39,83,成都
2016/9/26,122,81,194,13,0.6,46,115,成都
2016/9/27,102,59,154,21,0.6,52,96,成都
2016/9/28,93,65,136,20,0.7,47,101,成都
2016/9/29,61,39,73,8,0.6,30,110,成都
2016/9/30,88,53,94,12,0.8,52,146,成都
2016/10/1,109,82,153,25,1.1,66,129,成都
2016/10/2,85,47,119,14,0.6,45,83,成都
2016/10/3,95,65,139,13,0.7,53,49,成都
2016/10/4,73,42,96,12,0.6,44,97,成都
2016/10/5,79,31,73,10,0.5,29,135,成都
2016/10/6,101,61,112,18,0.8,54,161,成都
2016/10/7,180,136,208,19,1.2,80,203,成都
2016/10/8,185,140,208,22,1.4,90,120,成都
2016/10/9,152,117,156,19,1,61,103,成都
2016/10/10,61,39,62,9,0.8,41,113,成都
2016/10/11,77,41,74,6,0.7,43,132,成都
2016/10/12,113,85,150,25,0.9,54,162,成都
2016/10/13,131,99,147,23,1,58,126,成都
2016/10/14,118,90,132,9,1.1,70,91,成都
2016/10/15,60,31,70,13,0.6,47,101,成都
2016/10/16,92,67,121,14,0.7,51,150,成都
2016/10/17,143,109,172,20,0.9,47,189,成都
2016/10/18,143,110,146,11,0.8,33,176,成都
2016/10/19,100,71,113,9,0.8,37,160,成都
2016/10/20,97,73,144,16,0.8,60,123,成都
2016/10/21,108,81,121,7,0.8,44,153,成都
2016/10/22,98,74,113,14,0.9,59,117,成都
2016/10/23,78,57,89,7,0.8,42,87,成都
2016/10/24,76,41,69,10,0.9,53,131,成都
2016/10/25,86,59,122,9,0.4,35,76,成都
2016/10/26,89,56,128,14,0.5,40,141,成都
2016/10/27,124,90,198,24,0.7,57,112,成都
2016/10/28,132,99,203,16,0.9,62,195,成都
2016/10/29,105,79,126,12,0.8,55,151,成都
2016/10/30,148,85,151,20,0.9,60,213,成都
2016/10/31,184,93,135,11,0.8,36,249,成都
2016/11/1,166,99,147,16,0.9,39,231,成都
2016/11/2,161,123,189,31,1.2,59,162,成都
2016/11/3,74,51,77,17,0.9,36,129,成都
2016/11/4,43,20,34,8,0.6,34,85,成都
2016/11/5,61,42,71,17,0.9,54,103,成都
2016/11/6,78,42,69,7,0.8,46,134,成都
2016/11/7,94,52,94,13,0.8,43,153,成都
2016/11/8,65,47,76,10,0.7,35,112,成都
2016/11/9,66,48,76,10,0.9,54,66,成都
2016/11/10,58,37,66,11,0.9,58,47,成都
2016/11/11,67,46,83,16,0.9,67,44,成都
2016/11/12,54,34,58,7,0.6,39,79,成都
2016/11/13,56,40,59,8,0.7,37,78,成都
2016/11/14,58,36,58,15,0.9,46,109,成都
2016/11/15,66,48,79,14,1,44,99,成都
2016/11/16,71,41,69,17,1,44,125,成都
2016/11/17,110,44,73,16,0.9,48,171,成都
2016/11/18,111,55,92,14,1,56,172,成都
2016/11/19,75,44,75,19,0.8,34,130,成都
2016/11/20,49,24,49,12,0.7,43,87,成都
2016/11/21,96,30,53,8,0.6,40,155,成都
2016/11/22,54,31,54,6,0.7,41,105,成都
2016/11/23,48,32,48,13,0.7,37,94,成都
2016/11/24,36,23,36,11,0.8,34,52,成都
2016/11/25,84,25,43,12,0.9,44,141,成都
2016/11/26,69,30,52,9,1,51,123,成都
2016/11/27,68,49,85,12,1.1,63,89,成都
2016/11/28,84,62,109,17,1.4,63,69,成都
2016/11/29,45,27,45,11,0.8,41,89,成都
2016/11/30,50,29,50,15,0.8,49,73,成都
2016/12/1,53,22,37,8,0.5,32,104,成都
2016/12/2,63,30,53,8,0.6,39,115,成都
2016/12/3,78,45,82,16,0.9,60,134,成都
2016/12/4,98,62,105,13,0.9,61,157,成都
2016/12/5,70,44,77,12,0.7,48,124,成都
2016/12/6,80,59,93,9,1,61,92,成都
2016/12/7,62,45,70,13,0.9,50,62,成都
2016/12/8,87,56,86,11,0.9,50,144,成都
2016/12/9,55,33,48,13,0.8,32,106,成都
2016/12/10,27,11,21,10,0.6,29,54,成都
2016/12/11,43,21,41,12,0.8,44,85,成都
2016/12/12,47,26,47,9,0.8,43,92,成都
2016/12/13,75,31,60,19,0.7,44,130,成都
2016/12/14,76,26,55,11,0.6,32,131,成都
2016/12/15,56,29,56,11,0.6,31,107,成都
2016/12/16,79,41,71,12,0.7,35,135,成都
2016/12/17,89,53,95,13,0.9,53,147,成都
2016/12/18,103,60,111,20,1,60,163,成都
2016/12/19,72,30,56,10,0.7,35,126,成都
2016/12/20,53,33,56,12,0.8,33,83,成都
2016/12/21,64,43,77,17,1,42,110,成都
2016/12/22,97,34,62,19,0.9,44,156,成都
2016/12/23,82,27,57,13,0.8,41,138,成都
2016/12/24,60,16,33,7,0.7,35,112,成都
2016/12/25,98,33,73,13,1.1,56,157,成都
2016/12/26,98,44,89,11,1.1,61,158,成都
2016/12/27,122,62,116,15,1.1,60,184,成都
2016/12/28,74,54,88,11,1.1,60,120,成都
2016/12/29,104,68,116,19,1.5,79,164,成都
2016/12/30,102,76,125,13,1.4,71,129,成都
2016/12/31,43,24,43,9,0.8,40,74,成都
2017/1/1,63,36,54,7,0.8,37,116,成都
2017/1/2,98,43,72,10,1,48,157,成都
2017/1/3,69,51,87,8,1.2,64,114,成都
2017/1/4,75,37,63,11,0.8,38,130,成都
2017/1/5,93,43,70,13,0.9,43,152,成都
2017/1/6,93,51,78,28,1,43,151,成都
2017/1/7,55,21,33,9,0.7,27,106,成都
2017/1/8,32,19,32,9,0.7,27,63,成都
2017/1/9,28,15,28,6,0.8,33,50,成都
2017/1/10,108,45,76,20,1.3,47,169,成都
2017/1/11,68,21,42,13,0.9,38,122,成都
2017/1/12,54,31,58,10,0.9,40,100,成都
2017/1/13,98,37,61,14,0.9,55,158,成都
2017/1/14,96,48,87,14,1,62,155,成都
2017/1/15,67,48,84,13,0.9,58,111,成都
2017/1/16,70,51,87,13,0.9,53,74,成都
2017/1/17,70,51,85,18,0.9,45,58,成都
2017/1/18,76,34,54,11,0.9,44,131,成都
2017/1/19,68,40,71,14,1,45,122,成都
2017/1/20,68,49,83,17,1,45,90,成都
2017/1/21,58,41,65,13,0.9,44,68,成都
2017/1/22,50,34,50,7,0.8,41,82,成都
2017/1/23,85,32,51,6,0.9,43,142,成都
2017/1/24,77,46,86,17,1.1,54,132,成都
2017/1/25,78,58,103,17,1.2,59,89,成都
2017/1/26,52,33,54,13,0.9,40,51,成都
2017/1/27,57,22,35,5,0.7,33,108,成都
2017/1/28,46,25,42,8,0.7,35,91,成都
2017/1/29,49,29,48,8,0.7,34,98,成都
2017/1/30,67,48,77,15,1,47,77,成都
2017/1/31,78,37,67,14,1,46,133,成都
2017/2/1,45,23,45,17,0.8,37,69,成都
2017/2/2,52,29,54,11,0.9,50,64,成都
2017/2/3,86,64,116,17,1.5,69,40,成都
2017/2/4,86,40,68,13,0.9,48,143,成都
2017/2/5,65,47,80,12,0.9,51,94,成都
2017/2/6,92,69,118,20,1.1,59,52,成都
2017/2/7,55,35,59,17,0.8,35,59,成都
2017/2/8,58,38,67,16,1,42,88,成都
2017/2/9,60,43,69,19,1,37,94,成都
2017/2/10,58,35,61,21,0.9,37,109,成都
2017/2/11,61,44,70,15,0.9,34,92,成都
2017/2/12,47,19,36,16,0.7,33,93,成都
2017/2/13,56,33,62,17,0.9,40,64,成都
2017/2/14,38,21,38,12,0.8,34,55,成都
2017/2/15,56,33,61,13,1,46,55,成都
2017/2/16,55,35,60,13,1.2,48,38,成都
2017/2/17,43,24,43,10,1.2,45,37,成都
2017/2/18,31,19,31,11,1,42,57,成都
2017/2/19,55,35,61,13,1.1,49,79,成都
2017/2/20,52,30,53,6,1,47,56,成都
2017/2/21,64,46,71,13,1,45,55,成都
2017/2/22,50,35,51,11,0.8,45,66,成都
2017/2/23,45,27,45,9,0.6,43,64,成都
2017/2/24,49,27,45,8,0.6,40,97,成都
2017/2/25,79,58,94,8,1,68,77,成都
2017/2/26,114,86,140,24,1.2,59,72,成都
2017/2/27,57,40,64,10,0.8,39,68,成都
2017/2/28,63,31,51,11,0.8,42,116,成都
2017/3/1,83,61,110,22,1.2,59,95,成都
2017/3/2,92,69,114,13,1.2,65,70,成都
2017/3/3,67,49,80,10,0.9,43,88,成都
2017/3/4,63,43,76,7,0.9,38,97,成都
2017/3/5,64,44,78,7,0.8,40,80,成都
2017/3/6,61,40,72,12,0.7,36,97,成都
2017/3/7,62,37,74,9,0.7,48,108,成都
2017/3/8,73,54,96,12,0.9,48,111,成都
2017/3/9,113,85,141,25,1,60,115,成都
2017/3/10,133,102,150,38,1.1,55,81,成都
2017/3/11,167,127,206,41,1.7,80,52,成都
2017/3/12,169,128,205,36,1.3,63,48,成都
2017/3/13,66,48,69,7,0.8,33,80,成都
2017/3/14,37,22,37,13,0.6,41,53,成都
2017/3/15,55,32,59,14,0.6,46,36,成都
2017/3/16,70,49,90,16,0.8,54,54,成都
2017/3/17,85,63,105,15,0.9,52,38,成都
2017/3/18,55,39,61,8,0.9,40,30,成都
2017/3/19,68,49,81,14,1.1,48,38,成都
2017/3/20,84,62,98,11,1.2,50,34,成都
2017/3/21,86,64,98,12,1.2,52,63,成都
2017/3/22,91,68,112,14,1.5,63,95,成都
2017/3/23,89,66,115,12,1.3,55,100,成都
2017/3/24,85,63,104,15,1.2,68,65,成都
2017/3/25,88,66,100,13,1.2,52,101,成都
2017/3/26,125,95,148,20,1.5,77,73,成都
2017/3/27,152,117,181,16,2,81,80,成都
2017/3/28,219,169,261,31,2.3,97,40,成都
2017/3/29,119,90,136,15,1.4,51,45,成都
2017/3/30,48,29,48,9,0.9,32,39,成都
2017/3/31,43,25,43,15,1.1,36,41,成都
2017/4/1,54,36,58,11,1,36,30,成都
2017/4/2,47,26,47,13,0.9,36,33,成都
2017/4/3,41,22,41,11,0.7,40,37,成都
2017/4/4,47,25,47,7,0.6,39,48,成都
2017/4/5,64,40,77,19,0.8,46,90,成都
2017/4/6,81,59,111,20,0.9,64,63,成都
2017/4/7,103,77,138,21,1.1,60,80,成都
2017/4/8,132,100,161,18,1.4,65,55,成都
2017/4/9,72,53,82,16,0.8,45,47,成都
2017/4/10,50,27,51,4,0.7,33,22,成都
2017/4/11,50,31,51,6,0.8,34,27,成都
2017/4/12,55,35,60,12,0.9,35,25,成都
2017/4/13,73,48,96,11,1.3,41,57,成都
2017/4/14,94,69,138,18,1.3,47,58,成都
2017/4/15,69,46,87,8,0.8,49,59,成都
2017/4/16,92,68,119,11,1,54,36,成都
2017/4/17,76,56,94,11,1,53,41,成都
2017/4/18,66,42,81,11,0.9,47,35,成都
2017/4/19,56,37,63,14,0.9,44,47,成都
2017/4/20,78,58,103,15,0.9,38,30,成都
2017/4/21,70,51,90,13,0.9,44,27,成都
2017/4/22,83,62,112,15,1.1,55,30,成都
2017/4/23,99,75,138,16,1.5,64,15,成都
2017/4/24,79,55,109,12,1.1,51,38,成都
2017/4/25,123,93,166,21,1.6,72,25,成都
2017/4/26,80,59,104,17,1.5,57,17,成都
2017/4/27,79,58,105,21,1.5,57,27,成都
2017/4/28,89,66,117,25,1.3,51,22,成都
2017/4/29,60,36,71,19,1.2,46,59,成都
2017/4/30,70,47,91,24,1.1,48,34,成都
2017/5/1,79,58,106,22,1.3,57,26,成都
2017/5/2,63,39,75,12,1.1,38,43,成都
2017/5/3,70,37,90,25,0.7,44,44,成都
2017/5/4,81,55,111,16,0.9,47,23,成都
2017/5/5,59,35,68,13,1,44,24,成都
2017/5/6,80,53,111,27,1,55,26,成都
2017/5/7,99,74,143,20,1.2,61,46,成都
2017/5/8,92,69,115,17,1.1,52,28,成都
2017/5/9,80,59,105,12,1.3,46,36,成都
2017/5/10,141,108,197,50,1.7,63,25,成都
2017/5/11,117,89,150,31,1,47,19,成都
2017/5/12,55,28,60,11,0.7,43,27,成都
2017/5/13,83,44,116,16,0.7,44,55,成都
2017/5/14,105,68,160,16,1.1,50,59,成都
2017/5/15,114,79,179,24,1,58,47,成都
2017/5/16,108,73,167,21,1,58,34,成都
2017/5/17,99,68,149,22,1,46,53,成都
2017/5/18,71,27,92,18,0.6,38,56,成都
2017/5/19,83,46,116,23,0.8,50,50,成都
2017/5/20,89,54,127,19,1.1,64,50,成都
2017/5/21,112,85,160,29,1.4,66,66,成都
2017/5/22,162,123,216,30,1.8,83,35,成都
2017/5/23,119,90,158,23,1.4,57,57,成都
2017/5/24,127,97,187,61,1.6,71,30,成都
2017/5/25,116,88,160,28,1.3,69,57,成都
2017/5/26,201,151,258,43,1.8,79,32,成都
2017/5/27,176,133,203,23,1.4,72,36,成都
2017/5/28,189,142,217,18,1.3,58,23,成都
2017/5/29,131,100,156,19,1.4,54,43,成都
2017/5/30,118,89,150,16,1.4,59,60,成都
2017/5/31,154,117,207,14,1.5,55,40,成都
2017/6/1,177,134,219,17,1.5,68,43,成都
2017/6/2,230,180,292,18,1.8,62,23,成都
2017/6/3,185,139,216,14,1.4,60,28,成都
2017/6/4,205,155,239,20,1.5,53,19,成都
2017/6/5,205,155,246,13,1.6,50,41,成都
2017/6/6,221,171,264,19,1.6,70,31,成都
2017/6/7,150,115,176,18,1.8,55,17,成都
2017/6/8,76,56,98,13,0.9,51,53,成都
2017/6/9,96,72,131,16,1,52,40,成都
2017/6/10,97,73,113,9,1,46,34,成都
2017/6/11,116,88,135,13,1.2,51,25,成都
2017/6/12,125,95,146,8,1.2,51,24,成都
2017/6/13,159,121,182,15,1.3,47,25,成都
2017/6/14,137,105,162,19,1.5,57,35,成都
2017/6/15,247,197,288,26,2.2,75,18,成都
2017/6/16,234,184,266,29,1.9,78,13,成都
2017/6/17,259,209,305,27,2.1,75,11,成都
2017/6/18,150,115,165,17,1.4,61,57,成都
2017/6/19,214,164,252,28,1.7,71,37,成都
2017/6/20,98,73,111,17,1,46,53,成都
2017/6/21,178,135,208,27,1.5,63,27,成都
2017/6/22,216,166,247,26,1.7,71,54,成都
2017/6/23,212,162,251,21,2.1,78,83,成都
2017/6/24,238,188,293,29,2.3,90,49,成都
2017/6/25,251,201,326,35,2.4,96,30,成都
2017/6/26,209,159,254,33,1.9,83,29,成都
2017/6/27,213,163,261,28,2.1,79,42,成都
2017/6/28,189,142,218,31,1.8,63,26,成都
2017/6/29,180,136,219,25,1.8,60,23,成都
2017/6/30,43,26,43,7,1.4,30,30,成都
2017/7/1,58,40,65,10,1.4,44,31,成都
2017/7/2,83,61,101,17,1.3,46,34,成都
2017/7/3,61,44,63,7,1.1,31,33,成都
2017/7/4,68,49,66,6,1.2,36,10,成都
2017/7/5,88,65,93,14,1.5,46,14,成都
2017/7/6,105,79,119,17,1.5,50,44,成都
2017/7/7,116,88,136,19,1.5,52,72,成都
2017/7/8,113,86,130,19,1.2,52,74,成都
2017/7/9,151,116,170,23,1.4,60,51,成都
2017/7/10,114,86,123,20,1.3,46,72,成都
2017/7/11,118,90,141,15,1.3,55,46,成都
2017/7/12,177,134,199,31,1.6,58,33,成都
2017/7/13,196,147,209,21,1.6,64,47,成都
2017/7/14,188,142,198,17,1.5,57,84,成都
2017/7/15,194,146,217,18,2,76,104,成都
2017/7/16,207,157,223,14,1.9,76,91,成都
2017/7/17,221,171,224,20,1.8,73,109,成都
2017/7/18,172,130,201,16,1.7,67,88,成都
2017/7/19,90,65,130,10,1,46,99,成都
2017/7/20,121,92,155,14,1.2,42,121,成都
2017/7/21,116,88,132,13,1.2,33,101,成都
2017/7/22,156,120,157,23,1.3,25,80,成都
2017/7/23,69,51,70,11,1.4,27,61,成都
2017/7/24,89,66,85,10,1.6,39,59,成都
2017/7/25,53,37,57,6,0.9,17,78,成都
2017/7/26,43,29,43,8,0.9,18,60,成都
2017/7/27,57,40,53,9,1.1,27,54,成都
2017/7/28,46,31,46,8,1,30,83,成都
2017/7/29,55,35,59,9,1,38,54,成都
2017/7/30,54,38,59,8,1,33,34,成都
2017/7/31,43,22,43,9,1.1,26,53,成都
2017/8/1,68,42,87,7,1,35,84,成都
2017/8/2,81,60,100,19,1.1,43,75,成都
2017/8/3,97,57,144,11,0.7,37,77,成都
2017/8/4,83,54,115,5,0.8,33,66,成都
2017/8/5,58,33,66,7,0.8,31,42,成都
2017/8/6,88,65,127,9,1,42,54,成都
2017/8/7,119,90,155,18,1.1,48,38,成都
2017/8/8,91,68,114,14,1.1,50,99,成都
2017/8/9,125,95,156,24,2,73,85,成都
2017/8/10,103,77,121,18,1,59,62,成都
2017/8/11,72,53,75,10,0.8,34,98,成都
2017/8/12,106,80,128,15,1.1,59,76,成都
2017/8/13,110,83,127,13,1.3,65,115,成都
2017/8/14,138,106,168,27,1.4,65,111,成都
2017/8/15,126,96,136,17,1.2,56,100,成都
2017/8/16,128,98,148,17,1.3,58,67,成都
2017/8/17,83,59,91,13,1.1,48,139,成都
2017/8/18,71,52,86,11,1.1,46,85,成都
2017/8/19,58,37,66,12,1.1,46,72,成都
2017/8/20,61,35,71,10,1,49,112,成都
2017/8/21,78,42,74,9,0.9,42,134,成都
2017/8/22,66,48,82,16,1,44,105,成都
2017/8/23,62,38,68,19,1,44,114,成都
2017/8/24,62,33,56,9,0.9,34,114,成都
2017/8/25,77,56,91,12,1,47,96,成都
2017/8/26,85,63,109,20,1.1,63,115,成都
2017/8/27,131,107,196,31,1.5,80,76,成都
2017/8/28,146,112,179,24,1.6,72,39,成都
2017/8/29,113,85,127,10,1.4,50,138,成都
2017/8/30,106,80,126,16,1.3,61,161,成都
2017/8/31,119,90,148,24,1.2,68,129,成都
2017/9/1,120,70,121,19,0.9,45,182,成都
2017/9/2,80,39,83,8,0.7,33,136,成都
2017/9/3,106,44,89,10,0.7,40,167,成都
2017/9/4,74,30,70,12,0.6,31,129,成都
2017/9/5,43,20,43,5,0.6,22,82,成都
2017/9/6,44,14,31,13,0.7,27,87,成都
2017/9/7,57,22,37,8,0.6,24,108,成都
2017/9/8,51,33,52,5,0.8,36,84,成都
2017/9/9,50,32,50,5,0.9,43,95,成都
2017/9/10,53,30,51,7,0.7,37,104,成都
2017/9/11,60,40,67,9,0.8,46,112,成都
2017/9/12,82,44,83,10,0.8,42,138,成都
2017/9/13,100,68,149,24,1.1,71,138,成都
2017/9/14,110,76,170,24,1,68,141,成都
2017/9/15,108,79,138,13,1,50,169,成都
2017/9/16,145,93,188,18,1.4,72,210,成都
2017/9/17,122,77,151,18,1.1,54,184,成都
2017/9/18,76,54,103,16,0.8,32,121,成都
2017/9/19,53,26,57,12,0.7,37,64,成都
2017/9/20,70,46,89,25,0.9,54,101,成都
2017/9/21,57,32,64,19,0.7,50,63,成都
2017/9/22,49,23,49,8,0.7,48,82,成都
2017/9/23,67,46,83,15,0.8,53,101,成都
2017/9/24,109,48,83,14,0.7,42,170,成都
2017/9/25,92,55,96,9,0.9,58,150,成都
2017/9/26,118,86,145,12,1.2,71,180,成都
2017/9/27,148,100,172,27,1.3,67,213,成都
2017/9/28,141,103,171,24,1.1,70,205,成都
2017/9/29,130,99,173,23,1.3,80,186,成都
2017/9/30,117,88,160,23,1.1,72,162,成都
2017/10/1,79,24,44,7,0.6,26,135,成都
2017/10/2,95,39,86,13,0.8,44,154,成都
2017/10/3,73,48,95,12,0.8,52,124,成都
2017/10/4,93,20,44,17,0.6,28,152,成都
2017/10/5,88,54,93,8,0.7,32,145,成都
2017/10/6,131,72,126,12,0.8,50,194,成都
2017/10/7,137,94,146,12,1,45,201,成都
2017/10/8,104,27,60,7,0.6,41,164,成都
2017/10/9,141,53,121,18,0.9,69,205,成都
2017/10/10,130,65,137,22,0.9,57,193,成都
2017/10/11,103,38,155,15,0.5,24,127,成都
2017/10/12,113,54,176,14,0.6,44,167,成都
2017/10/13,158,65,160,23,0.8,55,223,成都
2017/10/14,176,83,175,25,1,67,241,成都
2017/10/15,103,58,106,10,0.8,36,163,成都
2017/10/16,78,37,71,9,0.7,31,133,成都
2017/10/17,86,46,76,7,0.8,30,143,成都
2017/10/18,135,58,109,21,1,51,199,成都
2017/10/19,165,71,121,18,1,63,230,成都
2017/10/20,139,70,118,14,1,55,203,成都
2017/10/21,74,28,50,6,0.7,35,129,成都
2017/10/22,72,17,34,7,0.6,33,126,成都
2017/10/23,131,32,66,13,0.7,46,194,成都
2017/10/24,97,38,69,8,0.8,38,156,成都
2017/10/25,60,41,69,20,0.8,40,90,成都
2017/10/26,84,62,105,14,1,52,103,成都
2017/10/27,112,84,149,13,1.1,52,168,成都
2017/10/28,87,65,112,11,1.1,51,122,成都
2017/10/29,74,11,22,7,0.7,31,129,成都
2017/10/30,98,27,57,22,0.8,42,158,成都
2017/10/31,115,36,71,13,0.9,38,177,成都
2017/11/1,132,41,76,16,0.8,31,195,成都
2017/11/2,87,44,82,14,0.8,40,144,成都
2017/11/3,64,21,44,11,0.7,35,117,成都
2017/11/4,60,20,36,9,0.7,28,112,成都
2017/11/5,87,18,42,11,0.6,36,144,成都
2017/11/6,93,29,61,13,0.8,37,151,成都
2017/11/7,107,53,88,10,0.9,32,168,成都
2017/11/8,56,35,62,18,0.9,43,101,成都
2017/11/9,117,35,65,21,0.8,41,179,成都
2017/11/10,170,71,123,20,1,62,235,成都
2017/11/11,90,48,114,18,0.8,48,148,成都
2017/11/12,66,36,82,14,0.7,35,109,成都
2017/11/13,124,29,51,10,0.7,29,186,成都
2017/11/14,96,38,68,11,0.7,31,155,成都
2017/11/15,66,46,82,18,0.9,41,84,成都
2017/11/16,111,82,134,16,0.9,45,172,成都
2017/11/17,134,44,72,10,0.8,44,197,成都
2017/11/18,133,36,70,14,0.8,52,196,成都
2017/11/19,73,52,96,16,1.1,65,65,成都
2017/11/20,53,29,51,9,0.8,33,104,成都
2017/11/21,96,38,62,12,0.8,34,155,成都
2017/11/22,72,52,89,20,1,42,103,成都
2017/11/23,36,18,33,11,0.7,25,71,成都
2017/11/24,51,14,26,9,0.8,28,101,成都
2017/11/25,89,32,57,10,1,38,147,成都
2017/11/26,99,51,90,14,1,43,159,成都
2017/11/27,70,42,69,15,0.9,34,124,成都
2017/11/28,50,29,50,13,0.8,29,56,成都
2017/11/29,51,23,52,20,0.8,35,47,成都
2017/11/30,67,37,83,15,0.7,38,54,成都
2017/12/1,81,33,76,10,0.7,42,137,成都
2017/12/2,74,47,99,13,0.9,58,116,成都
2017/12/3,37,19,36,8,0.6,31,73,成都
2017/12/4,49,28,48,8,0.7,38,98,成都
2017/12/5,83,32,55,9,0.7,33,140,成都
2017/12/6,88,34,55,12,0.7,31,145,成都
2017/12/7,109,47,76,15,0.8,38,170,成都
2017/12/8,111,60,105,14,1,56,172,成都
2017/12/9,68,49,78,10,0.9,35,115,成都
2017/12/10,141,52,89,11,0.9,45,205,成都
2017/12/11,121,56,95,14,0.9,48,183,成都
2017/12/12,133,86,149,16,1.1,59,196,成都
2017/12/13,93,69,113,22,1.1,56,135,成都
2017/12/14,82,61,105,18,1.2,51,56,成都
2017/12/15,78,35,63,13,0.8,42,133,成都
2017/12/16,137,47,88,16,1.1,64,201,成都
2017/12/17,113,39,75,19,1,51,174,成都
2017/12/18,140,49,80,12,1.1,48,204,成都
2017/12/19,141,44,76,13,0.9,44,205,成都
2017/12/20,140,62,104,24,1.2,69,203,成都
2017/12/21,64,46,75,13,1,47,105,成都
2017/12/22,118,34,56,12,0.8,37,179,成都
2017/12/23,99,22,48,13,0.7,43,158,成都
2017/12/24,114,30,70,15,0.9,62,175,成都
2017/12/25,111,36,77,19,0.8,54,172,成都
2017/12/26,118,50,104,24,1.1,68,179,成都
2017/12/27,137,50,100,19,1.1,57,200,成都
2017/12/28,153,43,83,18,1.2,52,218,成都
2017/12/29,135,63,117,17,1.1,47,198,成都
2017/12/30,97,44,82,13,1.1,49,156,成都
2017/12/31,133,42,80,12,1,38,196,成都
2018/1/1,95,33,65,12,0.9,36,153,成都
2018/1/2,107,32,63,11,1,41,167,成都
2018/1/3,73,35,64,18,1,34,127,成都
2018/1/4,40,20,40,16,0.8,30,71,成都
2018/1/5,130,22,44,13,0.7,34,192,成都
2018/1/6,138,49,100,17,1.1,74,201,成都
2018/1/7,78,44,88,12,1,62,79,成都
2018/1/8,39,20,39,10,0.7,29,63,成都
2018/1/9,43,21,38,7,0.8,34,84,成都
2018/1/10,64,29,58,19,1,47,116,成都
2018/1/11,80,49,96,14,1.1,55,135,成都
2018/1/12,86,58,112,12,1,48,143,成都
2018/1/13,104,78,144,20,1.2,62,146,成都
2018/1/14,68,46,77,11,1,54,74,成都
2018/1/15,126,30,52,10,0.9,44,188,成都
2018/1/16,57,36,64,16,1,45,101,成都
2018/1/17,46,11,18,12,0.6,16,92,成都
2018/1/18,62,28,49,14,1,49,98,成都
2018/1/19,63,21,41,8,0.7,41,115,成都
2018/1/20,111,34,71,14,0.9,59,172,成都
2018/1/21,109,62,122,20,1.2,81,169,成都
2018/1/22,132,81,144,22,1.4,88,195,成都
2018/1/23,159,83,139,24,1.2,68,224,成都
2018/1/24,82,60,95,20,1.1,57,102,成都
2018/1/25,62,44,62,13,0.9,42,86,成都
2018/1/26,65,43,59,8,1,52,63,成都
2018/1/27,68,49,71,10,1.2,54,65,成都
2018/1/28,69,50,77,8,1.1,53,111,成都
2018/1/29,78,47,77,9,1.3,60,133,成都
2018/1/30,95,69,116,13,1.6,76,107,成都
2018/1/31,110,83,141,20,1.6,82,118,成都
2018/2/1,100,75,118,20,1.2,56,153,成都
2018/2/2,73,53,79,13,1,51,93,成都
2018/2/3,45,31,42,8,0.8,28,81,成都
2018/2/4,42,27,38,7,1,33,51,成都
2018/2/5,68,33,52,11,1.2,54,31,成都
2018/2/6,96,23,52,12,0.9,54,155,成都
2018/2/7,61,33,67,22,1,48,113,成都
2018/2/8,48,22,34,10,0.8,38,72,成都
2018/2/9,38,11,16,7,0.8,28,75,成都
2018/2/10,39,10,19,8,0.8,31,52,成都
2018/2/11,69,21,47,11,1.2,55,58,成都
2018/2/12,78,37,79,17,1.1,62,67,成都
2018/2/13,59,29,57,20,0.8,42,110,成都
2018/2/14,69,46,83,21,0.9,55,98,成都
2018/2/15,120,91,166,23,1.4,79,88,成都
2018/2/16,52,32,52,12,0.9,41,55,成都
2018/2/17,50,25,40,8,0.9,40,81,成都
2018/2/18,62,27,48,9,1.1,49,93,成都
2018/2/19,62,37,56,9,1.1,49,114,成都
2018/2/20,73,46,82,13,1.2,58,73,成都
2018/2/21,60,40,62,16,1.1,48,61,成都
2018/2/22,62,36,52,11,1.1,49,59,成都
2018/2/23,64,46,75,13,1.2,51,72,成都
2018/2/24,62,19,34,10,1,49,65,成都
2018/2/25,60,25,43,10,1,48,99,成都
2018/2/26,63,35,57,11,1,50,70,成都
2018/2/27,42,25,39,12,1,33,51,成都
2018/2/28,55,29,50,20,1.1,44,65,成都
2018/3/1,64,38,64,13,1.1,51,37,成都
2018/3/2,70,51,87,13,1.2,49,21,成都
2018/3/3,62,23,70,9,0.6,49,61,成都
2018/3/4,87,52,123,22,0.8,50,127,成都
2018/3/5,82,58,114,14,0.8,53,69,成都
2018/3/6,40,18,39,9,0.6,32,76,成都
2018/3/7,66,41,82,15,0.8,50,71,成都
2018/3/8,109,82,149,15,1.2,70,50,成都
2018/3/9,118,89,153,15,1.4,72,63,成都
2018/3/10,130,99,172,19,1.5,77,69,成都
2018/3/11,69,36,78,13,0.8,55,53,成都
2018/3/12,72,46,89,23,0.9,57,83,成都
2018/3/13,79,58,104,17,1.1,63,113,成都
2018/3/14,110,83,147,23,1.5,79,119,成都
2018/3/15,138,105,180,27,1.6,84,129,成都
2018/3/16,138,105,163,16,1.4,77,142,成都
2018/3/17,168,127,194,25,1.4,75,162,成都
2018/3/18,150,115,187,33,1.4,80,136,成都
2018/3/19,113,85,140,29,1.2,71,66,成都
2018/3/20,75,53,84,10,1.3,60,108,成都
2018/3/21,124,94,160,24,1.6,72,95,成都
2018/3/22,110,83,139,19,1.2,66,104,成都
2018/3/23,140,107,169,23,1.3,67,131,成都
2018/3/24,79,58,82,16,0.9,46,59,成都
2018/3/25,70,51,68,11,0.9,43,46,成都
2018/3/26,75,55,77,12,0.9,46,50,成都
2018/3/27,62,44,68,11,1.1,49,72,成都
2018/3/28,60,30,51,15,0.9,48,57,成都
2018/3/29,67,27,61,16,0.7,53,36,成都
2018/3/30,69,46,88,14,0.8,54,73,成都
2018/3/31,68,37,69,12,0.8,54,45,成都
2018/4/1,55,31,59,14,0.6,42,53,成都
2018/4/2,42,19,32,8,0.6,33,47,成都
2018/4/3,53,34,56,11,0.7,40,83,成都
2018/4/4,78,57,87,23,0.9,54,58,成都
2018/4/5,99,74,115,19,0.9,58,26,成都
2018/4/6,104,78,131,24,1,51,23,成都
2018/4/7,90,67,114,16,0.9,54,26,成都
2018/4/8,85,63,105,12,1.1,56,33,成都
2018/4/9,43,18,35,11,1,34,39,成都
2018/4/10,62,30,58,11,0.9,49,78,成都
2018/4/11,123,93,162,35,1.6,77,31,成都
2018/4/12,60,39,67,15,0.9,48,32,成都
2018/4/13,42,24,37,9,1,33,12,成都
2018/4/14,40,21,31,7,1.1,32,11,成都
2018/4/15,51,34,52,7,1.3,35,10,成都
2018/4/16,67,48,73,13,1.3,43,14,成都
2018/4/17,60,31,52,11,1.2,48,64,成都
2018/4/18,73,53,96,21,1.2,54,34,成都
2018/4/19,68,49,78,15,1,50,37,成都
2018/4/20,87,64,107,10,1.6,48,11,成都
2018/4/21,89,66,99,7,1.2,38,7,成都
2018/4/22,100,75,122,16,1.4,47,9,成都
2018/4/23,87,64,104,25,1.3,48,14,成都
2018/4/24,78,56,97,16,1.4,62,35,成都
2018/4/25,64,43,77,24,1.2,36,18,成都
2018/4/26,49,16,30,13,1.2,39,16,成都
2018/4/27,68,32,63,13,0.9,54,45,成都
2018/4/28,89,66,124,26,1.2,71,22,成都
2018/4/29,69,50,78,11,1.1,49,28,成都
2018/4/30,65,47,76,15,1,52,42,成都
2018/5/1,87,64,103,15,1.1,43,71,成都
2018/5/2,79,58,92,20,0.9,51,42,成都
2018/5/3,98,73,112,13,1.1,59,22,成都
2018/5/4,92,68,111,15,1.3,55,40,成都
2018/5/5,74,54,85,10,1.1,53,20,成都
2018/5/6,64,37,54,8,0.9,51,30,成都
2018/5/7,67,47,69,9,1,53,32,成都
2018/5/8,87,64,99,12,1,53,43,成都
2018/5/9,120,91,145,25,1.3,58,25,成都
2018/5/10,102,76,120,15,1,63,16,成都
2018/5/11,107,80,138,16,1.2,69,28,成都
2018/5/12,122,92,159,20,1.3,72,15,成都
2018/5/13,100,75,118,14,1,58,17,成都
2018/5/14,48,31,43,10,0.8,38,14,成都
2018/5/15,57,35,51,12,1.2,45,27,成都
2018/5/16,61,42,71,21,1.1,45,47,成都
2018/5/17,63,35,67,11,0.8,50,45,成都
2018/5/18,80,54,109,15,1.1,57,69,成都
2018/5/19,109,82,147,20,1.4,63,56,成都
2018/5/20,80,59,94,14,0.9,60,40,成都
2018/5/21,94,70,102,13,1,54,16,成都
2018/5/22,79,58,78,11,1,51,32,成都
2018/5/23,107,80,114,22,1.3,57,28,成都
2018/5/24,112,84,139,15,1.7,65,48,成都
2018/5/25,118,89,141,24,1.4,75,18,成都
2018/5/26,115,87,135,17,1.6,65,48,成都
2018/5/27,129,98,161,18,2,85,47,成都
2018/5/28,152,116,186,24,2.1,89,44,成都
2018/5/29,217,167,273,29,2.6,99,39,成都
2018/5/30,225,175,280,38,2.6,95,32,成都
2018/5/31,266,216,338,29,2.5,110,21,成都
2018/6/1,304,254,379,32,2.4,93,19,成都
2018/6/2,261,211,320,21,2.4,75,12,成都
2018/6/3,214,164,233,22,2.1,69,63,成都
2018/6/4,199,149,222,18,2.3,77,63,成都
2018/6/5,156,119,179,18,1.7,74,27,成都
2018/6/6,178,134,204,31,1.8,72,61,成都
2018/6/7,205,155,235,16,1.8,67,25,成都
2018/6/8,199,149,230,24,2,77,11,成都
2018/6/9,89,66,100,14,1,50,68,成都
2018/6/10,103,77,129,15,1.4,63,16,成都
2018/6/11,89,66,103,18,1.3,50,22,成都
2018/6/12,73,53,78,12,1.3,48,22,成都
2018/6/13,67,48,76,18,1.3,52,28,成都
2018/6/14,63,45,62,8,1.1,40,20,成都
2018/6/15,68,49,70,12,1.2,45,30,成都
2018/6/16,88,65,97,11,1.2,52,52,成都
2018/6/17,99,74,116,11,1.6,60,43,成都
2018/6/18,80,59,93,14,1.3,57,76,成都
2018/6/19,108,81,139,22,1.6,70,66,成都
2018/6/20,115,87,141,26,1.5,76,58,成都
2018/6/21,162,123,201,22,1.8,70,13,成都
2018/6/22,65,47,70,12,1.2,41,34,成都
2018/6/23,62,42,74,11,1,42,65,成都
2018/6/24,57,39,63,10,0.9,35,58,成都
2018/6/25,50,17,50,8,0.7,21,69,成都
2018/6/26,60,33,69,9,0.9,36,80,成都
2018/6/27,72,50,94,27,1,56,85,成都
2018/6/28,75,55,95,19,0.9,52,76,成都
2018/6/29,87,64,109,21,1,58,64,成都
2018/6/30,117,88,144,21,1.2,73,48,成都
2018/7/1,139,106,171,18,1.4,71,69,成都
2018/7/2,150,115,179,17,1.2,63,44,成都
2018/7/3,114,86,117,14,1.3,60,60,成都
2018/7/4,117,88,119,25,1.5,63,89,成都
2018/7/5,123,93,119,15,1.6,59,67,成都
2018/7/6,103,77,95,10,1.5,47,44,成都
2018/7/7,87,64,84,14,1.4,43,92,成都
2018/7/8,93,69,93,10,1.4,52,72,成都
2018/7/9,110,83,114,11,1.5,54,86,成都
2018/7/10,98,73,101,15,1.5,47,96,成都
2018/7/11,188,141,203,32,1.6,65,123,成都
2018/7/12,148,113,151,15,1.6,68,105,成都
2018/7/13,129,98,131,16,1.5,62,104,成都
2018/7/14,129,98,133,32,1.4,55,94,成都
2018/7/15,78,57,80,14,1.1,33,92,成都
2018/7/16,56,19,61,5,0.7,15,73,成都
2018/7/17,57,27,64,5,0.8,26,67,成都
2018/7/18,58,35,66,13,0.9,37,89,成都
2018/7/19,63,44,76,7,1,41,86,成都
2018/7/20,70,51,84,8,1.1,52,90,成都
2018/7/21,88,65,106,11,1.3,60,102,成都
2018/7/22,95,68,139,11,1.4,65,77,成都
2018/7/23,146,59,242,12,1,43,85,成都
2018/7/24,113,71,176,11,1.3,52,57,成都
2018/7/25,52,29,53,14,1.2,37,79,成都
2018/7/26,53,31,52,5,1.2,42,54,成都
2018/7/27,78,36,56,6,1.4,62,37,成都
2018/7/28,77,46,75,8,1.5,61,46,成都
2018/7/29,67,48,84,16,1.5,52,92,成都
2018/7/30,92,63,115,14,1.7,73,96,成都
2018/7/31,122,92,163,20,1.9,82,108,成都
2018/8/1,128,97,178,27,2,88,139,成都
2018/8/2,144,110,197,23,1.8,97,132,成都
2018/8/3,112,84,162,20,1.4,83,102,成都
2018/8/4,122,92,180,22,1.7,93,126,成都
2018/8/5,156,119,214,30,1.8,97,133,成都
2018/8/6,160,103,269,24,1.3,68,102,成都
2018/8/7,139,95,228,28,1.2,57,124,成都
2018/8/8,80,56,109,29,1.3,57,93,成都
2018/8/9,88,54,126,16,1.3,59,70,成都
2018/8/10,45,22,45,9,1.3,36,60,成都
2018/8/11,55,33,60,11,1.1,36,67,成都
2018/8/12,77,55,103,13,1.3,59,54,成都
2018/8/13,63,42,68,9,1.3,50,45,成都
2018/8/14,84,54,108,14,1.5,67,67,成都
2018/8/15,107,76,156,27,1.7,93,51,成都
2018/8/16,95,71,120,17,1.3,67,79,成都
2018/8/17,133,101,177,29,1.7,84,103,成都
2018/8/18,108,81,131,18,1.3,69,90,成都
2018/8/19,109,82,129,18,1.6,81,127,成都
2018/8/20,176,133,218,30,2.1,103,106,成都
2018/8/21,166,126,187,23,1.8,74,75,成都
2018/8/22,79,58,78,19,1.3,39,51,成都
2018/8/23,57,28,37,8,1.3,45,55,成都
2018/8/24,69,29,41,8,1.5,55,75,成都
2018/8/25,79,54,77,10,1.5,63,83,成都
2018/8/26,115,87,124,13,1.4,49,102,成都
2018/8/27,102,76,104,15,1.3,56,74,成都
2018/8/28,88,65,101,17,1.1,55,104,成都
2018/8/29,125,95,155,34,1.4,86,65,成都
2018/8/30,159,121,192,20,1.7,91,37,成都
2018/8/31,75,55,83,8,1.1,51,124,成都
2018/9/1,78,57,94,9,1,58,119,成都
2018/9/2,149,114,175,20,1.2,85,90,成都
2018/9/3,209,159,239,20,1.7,92,135,成都
2018/9/4,183,138,203,15,1.3,76,206,成都
2018/9/5,162,123,176,27,1.3,59,136,成都
2018/9/6,78,57,81,13,1.1,47,71,成都
2018/9/7,54,30,46,9,1,43,67,成都
2018/9/8,78,49,87,18,1.2,62,105,成都
2018/9/9,69,50,83,9,1,48,72,成都
2018/9/10,49,26,47,8,0.7,33,97,成都
2018/9/11,78,57,95,9,1.1,61,125,成都
2018/9/12,120,91,159,22,1.6,86,83,成都
2018/9/13,123,93,151,22,1.3,69,69,成都
2018/9/14,97,72,119,15,1.2,55,71,成都
2018/9/15,58,20,34,8,0.6,23,109,成都
2018/9/16,51,35,52,6,0.8,34,67,成都
2018/9/17,58,22,40,9,0.7,37,109,成都
2018/9/18,58,32,65,6,0.7,37,97,成都
2018/9/19,81,55,112,20,1.1,57,132,成都
2018/9/20,122,92,165,25,1.2,79,108,成都
2018/9/21,82,37,69,8,0.7,45,138,成都
2018/9/22,84,42,84,13,0.8,67,80,成都
2018/9/23,87,64,98,10,0.9,58,86,成都
2018/9/24,78,41,70,9,0.8,62,83,成都
2018/9/25,78,57,92,16,0.9,51,91,成都
2018/9/26,109,82,113,15,1,57,86,成都
2018/9/27,113,85,121,11,1,62,129,成都
2018/9/28,93,69,115,14,1.1,72,120,成都
2018/9/29,69,38,75,12,0.8,45,122,成都
2018/9/30,70,51,80,13,0.9,51,85,成都
2018/10/1,77,56,84,8,1.1,54,111,成都
2018/10/2,109,82,126,11,1.2,64,156,成都
2018/10/3,105,79,134,25,1.2,68,125,成都
2018/10/4,84,44,106,19,0.9,67,135,成都
2018/10/5,128,73,152,22,1.2,80,190,成都
2018/10/6,189,142,235,19,1.6,88,233,成都
2018/10/7,68,41,62,9,0.9,32,121,成都
2018/10/8,47,19,42,8,0.7,26,94,成都
2018/10/9,54,32,57,10,0.9,40,80,成都
2018/10/10,82,40,62,14,1,46,138,成都
2018/10/11,114,51,85,9,1,50,175,成都
2018/10/12,156,76,136,14,1.4,75,221,成都
2018/10/13,110,76,170,16,1,57,122,成都
2018/10/14,91,63,132,8,0.8,33,91,成都
2018/10/15,40,24,40,5,0.7,27,75,成都
2018/10/16,67,27,70,6,0.6,36,120,成都
2018/10/17,108,50,124,19,0.8,55,168,成都
2018/10/18,105,56,116,19,1,65,165,成都
2018/10/19,118,89,151,26,1,64,159,成都
2018/10/20,102,76,108,8,0.9,34,140,成都
2018/10/21,95,53,79,10,0.9,48,154,成都
2018/10/22,61,42,61,11,0.9,33,113,成都
2018/10/23,42,25,37,6,0.9,33,73,成都
2018/10/24,70,25,37,13,0.8,31,124,成都
2018/10/25,77,46,69,13,0.9,41,132,成都
2018/10/26,50,34,50,7,0.8,28,78,成都
2018/10/27,52,21,37,7,0.7,41,82,成都
2018/10/28,74,54,85,8,0.9,49,89,成都
2018/10/29,128,97,140,14,1,63,149,成都
2018/10/30,105,63,92,9,1,48,165,成都
2018/10/31,103,77,112,16,1,47,133,成都
2018/11/1,108,81,115,12,1,52,150,成都
2018/11/2,97,72,105,11,1.1,60,123,成都
2018/11/3,57,23,40,8,1,34,108,成都
2018/11/4,98,26,45,11,1.1,45,157,成都
2018/11/5,85,51,83,12,1.1,38,141,成都
2018/11/6,123,42,67,9,0.9,41,185,成都
2018/11/7,95,52,95,22,1.1,49,153,成都
2018/11/8,111,23,42,9,0.7,36,172,成都
2018/11/9,105,33,56,15,0.8,40,165,成都
2018/11/10,67,25,40,6,0.8,38,120,成都
2018/11/11,53,33,55,8,0.8,34,98,成都
2018/11/12,93,28,47,9,0.8,28,151,成都
2018/11/13,106,36,60,15,0.8,31,166,成都
2018/11/14,95,40,64,22,0.9,46,154,成都
2018/11/15,120,68,108,14,1.1,55,182,成都
2018/11/16,90,36,68,8,0.8,52,147,成都
2018/11/17,101,34,71,12,0.8,49,161,成都
2018/11/18,150,38,76,14,0.9,59,215,成都
2018/11/19,89,66,128,23,1.1,69,143,成都
2018/11/20,148,41,70,10,0.9,38,212,成都
2018/11/21,138,62,110,18,1.2,52,201,成都
2018/11/22,80,54,100,9,1.1,64,109,成都
2018/11/23,130,99,180,8,1.4,67,140,成都
2018/11/24,65,39,73,6,1,35,117,成都
2018/11/25,60,18,37,11,0.9,48,97,成都
2018/11/26,95,24,46,9,0.8,42,154,成都
2018/11/27,51,28,52,6,0.8,34,101,成都
2018/11/28,78,57,99,18,0.9,40,110,成都
2018/11/29,100,54,92,10,0.8,39,159,成都
2018/11/30,91,47,79,13,0.8,42,149,成都
2018/12/1,79,58,94,7,1,49,131,成都
2018/12/2,126,51,84,12,1.1,51,188,成都
2018/12/3,104,54,93,16,1.1,53,164,成都
2018/12/4,106,28,43,7,0.8,32,166,成都
2018/12/5,57,35,60,20,1,45,100,成都
2018/12/6,62,37,67,13,1,49,61,成都
2018/12/7,50,24,38,9,0.9,40,52,成都
2018/12/8,48,28,41,9,0.9,38,72,成都
2018/12/9,57,33,52,10,0.9,34,108,成都
2018/12/10,52,28,47,9,1,41,77,成都
2018/12/11,88,38,65,10,1.1,40,145,成都
2018/12/12,115,24,40,14,0.9,37,176,成都
2018/12/13,77,28,48,11,0.8,46,132,成都
2018/12/14,44,16,31,11,0.7,35,74,成都
2018/12/15,48,10,22,11,0.6,33,96,成都
2018/12/16,106,17,34,18,0.7,39,166,成都
2018/12/17,202,40,72,18,1,58,273,成都
2018/12/18,134,45,80,14,1,55,197,成都
2018/12/19,58,39,66,19,0.9,42,100,成都
2018/12/20,129,15,26,12,0.8,30,191,成都
2018/12/21,108,25,44,16,0.9,36,168,成都
2018/12/22,111,35,58,17,1,42,172,成都
2018/12/23,44,18,30,13,0.9,33,87,成都
2018/12/24,78,27,44,12,0.9,32,133,成都
2018/12/25,63,45,70,14,1.1,40,93,成都
2018/12/26,70,31,50,17,1,38,123,成都
2018/12/27,50,21,37,16,0.8,40,86,成都
2018/12/28,90,13,26,11,0.6,28,147,成都
2018/12/29,119,26,47,13,0.8,37,180,成都
2018/12/30,80,24,42,12,0.7,34,135,成都
2018/12/31,77,35,64,17,0.9,49,132,成都
2019/1/1,76,33,56,13,0.8,42,131,成都
2019/1/2,107,50,86,17,1,50,167,成都
2019/1/3,93,50,85,13,1.1,54,151,成都
2019/1/4,72,37,64,15,1.1,57,108,成都
2019/1/5,60,31,56,12,1.1,48,94,成都
2019/1/6,60,28,46,11,1,48,80,成都
2019/1/7,112,34,58,12,1,40,173,成都
2019/1/8,124,25,43,10,0.9,37,186,成都
2019/1/9,120,35,61,18,1.1,49,181,成都
2019/1/10,129,32,55,11,1.1,52,191,成都
2019/1/11,118,32,50,11,1,46,179,成都
2019/1/12,87,44,74,15,1.2,52,144,成都
2019/1/13,81,49,85,13,1.2,62,137,成都
2019/1/14,206,57,97,11,1.3,57,293,成都
2019/1/15,129,41,68,10,1,47,191,成都
2019/1/16,107,24,39,17,0.8,37,167,成都
2019/1/17,94,37,59,12,0.9,43,152,成都
2019/1/18,103,47,79,15,0.9,49,163,成都
2019/1/19,74,54,87,18,1,54,119,成都
2019/1/20,165,50,84,14,1.1,59,230,成都
2019/1/21,155,63,107,13,1.2,63,220,成都
2019/1/22,122,53,83,13,0.9,43,184,成都
2019/1/23,117,55,99,23,1.1,54,178,成都
2019/1/24,153,48,75,13,1,44,218,成都
2019/1/25,185,53,82,13,1.1,46,250,成都
2019/1/26,105,50,82,17,1,44,165,成都
2019/1/27,60,14,29,11,0.8,30,112,成都
2019/1/28,98,20,41,13,0.8,35,157,成都
2019/1/29,56,35,61,14,1.1,43,82,成都
2019/1/30,50,31,50,17,0.9,35,77,成都
2019/1/31,50,35,47,10,0.7,33,98,成都
2019/2/1,77,56,86,12,0.9,47,129,成都
2019/2/2,92,47,73,12,0.9,45,150,成都
2019/2/3,110,50,74,11,1,46,171,成都
2019/2/4,85,63,99,12,1.1,68,51,成都
2019/2/5,62,41,62,10,0.9,49,61,成都
2019/2/6,55,32,47,13,0.8,44,60,成都
2019/2/7,87,39,55,9,0.9,43,144,成都
2019/2/8,68,40,62,13,1,45,121,成都
2019/2/9,69,45,69,12,1,46,122,成都
2019/2/10,115,52,82,17,1,48,176,成都
2019/2/11,120,31,50,11,0.9,47,182,成都
2019/2/12,113,45,79,17,1,60,174,成都
2019/2/13,97,72,118,27,1.3,76,122,成都
2019/2/14,79,56,85,12,1,63,55,成都
2019/2/15,52,36,54,9,0.8,35,81,成都
2019/2/16,90,33,48,11,0.9,37,148,成都
2019/2/17,72,49,74,9,1.1,47,126,成都
2019/2/18,98,73,109,12,1.4,71,36,成都
2019/2/19,47,29,44,8,1,37,75,成都
2019/2/20,50,24,34,16,0.9,32,99,成都
2019/2/21,49,32,48,9,0.8,39,83,成都
2019/2/22,80,42,63,10,0.9,42,136,成都
2019/2/23,70,51,82,13,1.1,55,49,成都
2019/2/24,70,42,64,10,1.1,56,73,成都
2019/2/25,83,61,89,16,1.2,49,109,成都
2019/2/26,107,80,117,15,1.2,49,84,成都
2019/2/27,80,59,89,15,1.2,55,56,成都
2019/2/28,63,40,63,15,1.1,50,101,成都
2019/3/1,84,30,44,13,0.9,40,140,成都
2019/3/2,68,33,50,15,1.1,54,64,成都
2019/3/3,88,34,52,14,1.1,56,145,成都
2019/3/4,121,37,51,13,1.1,52,183,成都
2019/3/5,126,63,89,17,1.4,58,188,成都
2019/3/6,117,71,99,18,1.3,56,178,成都
2019/3/7,103,77,119,21,1.2,51,149,成都
2019/3/8,60,33,53,17,0.8,48,51,成都
2019/3/9,65,47,80,12,0.8,43,52,成都
2019/3/10,77,56,94,13,1,54,56,成都
2019/3/11,45,26,43,9,0.8,36,88,成都
2019/3/12,40,19,31,10,0.7,32,46,成都
2019/3/13,40,21,32,10,0.7,32,61,成都
2019/3/14,52,25,41,12,0.8,41,42,成都
2019/3/15,59,31,50,10,1,47,27,成都
2019/3/16,60,40,70,12,1.1,44,51,成都
2019/3/17,64,46,75,11,1.1,48,17,成都
2019/3/18,73,53,88,13,1.2,50,24,成都
2019/3/19,120,91,162,14,1.8,68,21,成都
2019/3/20,79,58,99,12,1.2,48,112,成都
2019/3/21,92,68,124,14,1.3,62,62,成都
2019/3/22,100,75,138,18,1.3,68,38,成都
2019/3/23,107,80,159,14,1.5,68,15,成都
2019/3/24,109,82,149,19,1.5,58,19,成都
2019/3/25,110,83,146,17,1.6,60,32,成都
2019/3/26,40,11,26,11,0.7,32,49,成都
2019/3/27,44,20,41,9,1,35,24,成都
2019/3/28,59,30,65,17,1.1,47,50,成都
2019/3/29,68,33,71,13,1.1,54,66,成都
2019/3/30,64,34,70,16,1.2,51,54,成都
2019/3/31,40,13,31,10,0.6,32,73,成都
2019/4/1,41,20,41,11,0.5,32,80,成都
2019/4/2,67,46,84,10,0.8,46,23,成都
2019/4/3,74,54,91,14,0.9,50,78,成都
2019/4/4,99,74,124,14,1.1,61,33,成都
2019/4/5,165,125,203,14,1.5,73,17,成都
2019/4/6,140,107,170,16,1.3,59,77,成都
2019/4/7,168,127,194,18,1.5,65,73,成都
2019/4/8,203,153,230,20,1.5,78,32,成都
2019/4/9,149,114,183,20,1.4,61,26,成都
2019/4/10,48,21,47,8,0.7,38,43,成都
2019/4/11,64,41,77,10,0.7,41,41,成都
2019/4/12,55,38,60,7,0.9,43,35,成都
2019/4/13,83,61,98,12,1,49,26,成都
2019/4/14,71,51,91,14,1.1,55,31,成都
2019/4/15,83,61,114,11,1.3,56,59,成都
2019/4/16,129,98,161,18,1.5,66,71,成都
2019/4/17,186,140,238,20,1.9,86,65,成都
2019/4/18,244,194,319,25,1.9,77,13,成都
2019/4/19,135,103,170,18,1.5,70,62,成都
2019/4/20,147,112,183,16,1.8,79,53,成都
2019/4/21,152,116,179,14,1.4,63,82,成都
2019/4/22,117,88,146,15,1.5,68,33,成都
2019/4/23,129,98,188,22,2,72,48,成都
2019/4/24,182,137,259,22,2.1,79,7,成都
2019/4/25,52,27,53,12,0.8,35,44,成都
2019/4/26,50,21,48,13,0.7,40,50,成都
2019/4/27,62,36,73,12,0.8,46,35,成都
2019/4/28,75,55,96,16,1.1,53,22,成都
2019/4/29,87,59,123,17,1.2,57,63,成都
2019/4/30,108,78,166,22,1.5,74,49,成都
2019/5/1,139,106,225,26,1.8,89,11,成都
2019/5/2,90,63,129,18,1,63,77,成都
2019/5/3,95,70,140,17,1.1,67,65,成都
2019/5/4,137,104,208,20,1.2,73,26,成都
2019/5/5,201,151,283,17,1.4,68,13,成都
2019/5/6,182,137,237,16,1.4,65,20,成都
2019/5/7,208,158,277,12,1.8,68,11,成都
2019/5/8,145,111,191,14,1.5,63,74,成都
2019/5/9,159,121,210,22,1.8,78,50,成都
2019/5/10,199,149,277,16,2,81,58,成都
2019/5/11,189,142,271,12,1.9,91,14,成都
2019/5/12,189,142,254,13,1.7,73,76,成都
2019/5/13,168,127,224,15,1.7,72,27,成都
2019/5/14,122,92,163,15,1.5,58,18,成都
2019/5/15,94,70,115,13,1.4,48,56,成都
2019/5/16,113,85,136,15,1.8,52,33,成都
2019/5/17,130,99,167,17,2,63,9,成都
2019/5/18,166,126,210,20,2,65,10,成都
2019/5/19,169,128,208,14,1.9,66,22,成都
2019/5/20,127,96,150,15,1.4,62,21,成都
2019/5/21,176,133,203,16,1.7,73,19,成都
2019/5/22,204,154,234,17,1.9,83,11,成都
2019/5/23,252,202,291,22,2.1,77,6,成都
2019/5/24,193,145,202,20,1.9,74,37,成都
2019/5/25,160,122,181,23,1.8,84,54,成都
2019/5/26,195,146,213,20,1.8,77,7,成都
2019/5/27,132,100,151,25,1.3,60,13,成都
2019/5/28,53,34,49,9,1.1,42,16,成都
2019/5/29,68,45,74,13,1.1,54,42,成都
2019/5/30,92,68,119,20,1.2,71,61,成都
2019/5/31,92,68,116,24,0.9,69,73,成都
2019/6/1,139,106,163,29,1.1,72,58,成都
2019/6/2,139,106,169,26,1.2,71,24,成都
2019/6/3,193,145,230,31,1.5,89,18,成都
2019/6/4,237,187,296,23,1.9,91,28,成都
2019/6/5,228,181,286,18,2.3,83,75,成都
2019/6/6,237,187,295,21,2.4,114,10,成都
2019/6/7,308,258,399,29,2.4,112,11,成都
2019/6/8,375,313,480,20,2.8,121,46,成都
2019/6/9,294,243,360,18,2.3,85,17,成都
2019/6/10,111,81,118,22,1.9,61,35,成都
2019/6/11,127,97,141,28,1.9,75,21,成都
2019/6/12,85,60,89,19,1.5,54,39,成都
2019/6/13,42,28,43,10,1,36,59,成都
2019/6/14,65,37,56,13,1,52,45,成都
2019/6/15,72,52,82,15,1.1,59,68,成都
2019/6/16,78,54,86,19,1,64,93,成都
2019/6/17,116,95,141,16,1.4,91,33,成都
2019/6/18,188,146,214,25,1.5,83,22,成都
2019/6/19,128,99,137,19,1.2,56,34,成都
2019/6/20,140,107,162,16,1.7,74,11,成都
2019/6/21,127,97,146,13,1.2,62,31,成都
2019/6/22,122,93,142,18,1.2,61,30,成都
2019/6/23,145,112,170,16,1.5,63,24,成都
2019/6/24,151,117,171,14,1.3,65,65,成都
2019/6/25,232,184,268,18,2,94,12,成都
2019/6/26,247,195,290,16,1.9,67,58,成都
2019/6/27,229,180,258,16,1.4,67,44,成都
2019/6/28,242,193,283,13,2.2,77,72,成都
2019/6/29,274,227,316,14,1.7,70,43,成都
2019/6/30,248,198,308,13,1.6,52,69,成都
2019/7/1,245,190,273,22,1.4,36,53,成都
2019/7/2,98,75,132,11,1.1,39,93,成都
2019/7/3,103,77,122,14,1.2,42,58,成都
2019/7/4,66,48,70,12,1,25,42,成都
2019/7/5,63,47,63,9,1,26,51,成都
2019/7/6,86,64,87,10,1.1,25,32,成都
2019/7/7,92,69,93,11,1.1,37,26,成都
2019/7/8,108,82,111,11,1.3,44,33,成都
2019/7/9,137,104,148,14,1.4,52,33,成都
2019/7/10,135,104,151,18,1.4,61,26,成都
2019/7/11,38,23,34,9,1.2,33,49,成都
2019/7/12,57,30,48,11,1.1,48,59,成都
2019/7/13,90,69,108,18,1.2,71,16,成都
2019/7/14,104,78,117,13,1.2,60,47,成都
2019/7/15,78,58,80,10,0.9,42,65,成都
2019/7/16,132,104,143,14,1,55,76,成都
2019/7/17,190,141,198,19,1.2,64,33,成都
2019/7/18,149,117,155,14,1.3,69,33,成都
2019/7/19,145,114,160,13,1.4,74,107,成都
2019/7/20,213,163,224,18,1.5,85,63,成都
2019/7/21,165,126,177,16,1.3,72,105,成都
2019/7/22,164,125,188,24,1.6,84,70,成都
2019/7/23,207,157,226,23,1.8,80,114,成都
2019/7/24,160,120,177,21,1.5,73,53,成都
2019/7/25,48,29,47,9,1,37,49,成都
2019/7/26,57,30,57,10,0.7,46,78,成都
2019/7/27,55,28,53,10,0.7,45,59,成都
2019/7/28,68,47,76,9,0.8,55,49,成都
2019/7/29,57,41,66,11,0.7,45,90,成都
2019/7/30,88,66,104,11,1,71,44,成都
2019/7/31,103,77,120,11,1.1,63,75,成都
2019/8/1,91,70,109,14,1.1,63,99,成都
2019/8/2,106,79,143,13,1,70,97,成都
2019/8/3,100,62,114,16,1,79,20,成都
2019/8/4,96,72,122,17,1,63,89,成都
2019/8/5,92,69,100,9,1,62,87,成都
2019/8/6,66,41,62,10,0.9,53,89,成都
2019/8/7,75,40,60,9,1,61,59,成都
2019/8/8,70,48,70,9,0.8,58,95,成都
2019/8/9,83,62,91,11,0.9,61,77,成都
2019/8/10,106,80,117,15,0.9,64,18,成都
2019/8/11,95,69,110,14,1.1,78,28,成都
2019/8/12,122,93,155,15,1.3,71,48,成都
2019/8/13,47,27,47,10,0.7,37,59,成都
2019/8/14,52,9,19,10,0.8,43,79,成都
2019/8/15,71,30,50,12,0.9,56,84,成都
2019/8/16,61,38,55,12,0.8,50,70,成都
2019/8/17,70,41,63,9,1,56,63,成都
2019/8/18,70,52,77,13,1,56,78,成都
2019/8/19,92,61,95,14,1.1,73,40,成都
2019/8/20,52,36,56,10,0.9,43,53,成都
2019/8/21,74,51,80,13,1.1,55,129,成都
2019/8/22,90,67,110,19,1.2,71,49,成都
2019/8/23,60,36,59,9,1.1,48,16,成都
2019/8/24,63,45,75,12,1,47,40,成都
2019/8/25,62,23,51,12,0.8,49,79,成都
2019/8/26,51,22,53,8,0.6,39,90,成都
2019/8/27,67,31,58,11,0.8,56,112,成都
2019/8/28,64,35,62,12,0.8,48,117,成都
2019/8/29,95,66,119,17,1.1,77,134,成都
2019/8/30,102,77,128,18,1,64,90,成都
2019/8/31,60,33,55,11,0.8,50,112,成都
2019/9/1,78,38,67,16,0.9,64,128,成都
2019/9/2,95,39,75,27,0.9,77,72,成都
2019/9/3,95,48,88,27,1,75,70,成都
2019/9/4,57,38,64,12,0.8,47,83,成都
2019/9/5,65,46,73,10,0.8,47,118,成都
2019/9/6,73,46,82,9,1,60,71,成都
2019/9/7,82,61,115,15,1.3,65,75,成都
2019/9/8,75,37,72,15,1.1,62,96,成都
2019/9/9,61,21,48,14,1,52,73,成都
2019/9/10,38,8,21,11,0.8,31,77,成都
2019/9/11,48,15,31,10,0.9,42,96,成都
2019/9/12,65,21,41,11,0.8,52,62,成都
2019/9/13,72,16,34,11,0.6,44,127,成都
2019/9/14,95,27,57,12,0.9,66,154,成都
2019/9/15,122,33,68,15,0.9,62,185,成都
2019/9/16,133,39,80,20,0.8,61,197,成都
2019/9/17,51,18,38,10,0.7,41,79,成都
2019/9/18,60,21,58,13,0.7,50,90,成都
2019/9/19,96,48,126,18,1.1,66,156,成都
2019/9/20,110,51,127,21,1.1,65,172,成都
2019/9/21,68,17,43,10,0.7,54,82,成都
2019/9/22,54,13,34,7,0.6,40,105,成都
2019/9/23,81,21,53,10,0.7,52,138,成都
2019/9/24,97,44,97,16,0.9,63,157,成都
2019/9/25,92,57,117,19,1,72,83,成都
2019/9/26,51,25,44,8,0.7,42,102,成都
2019/9/27,51,20,36,8,0.7,41,76,成都
2019/9/28,76,23,39,8,0.6,44,132,成都
2019/9/29,94,22,43,8,0.6,45,153,成都
2019/9/30,123,49,86,14,0.8,62,186,成都
2019/10/1,107,64,111,16,1,65,168,成都
2019/10/2,140,77,126,12,1,58,205,成都
2019/10/3,89,54,93,10,0.9,52,147,成都
2019/10/4,95,11,23,7,0.6,36,154,成都
2019/10/5,85,36,71,13,0.9,59,142,成都
2019/10/6,79,54,110,8,0.7,39,76,成都
2019/10/7,81,39,81,8,0.5,34,138,成都
2019/10/8,71,44,93,8,0.6,38,113,成都
2019/10/9,96,54,98,10,0.7,43,156,成都
2019/10/10,93,49,89,11,0.8,67,152,成都
2019/10/11,111,82,139,12,0.9,54,158,成都
2019/10/12,68,17,34,7,0.6,34,122,成都
2019/10/13,87,23,50,16,0.6,55,145,成都
2019/10/14,144,40,80,14,0.9,71,209,成都
2019/10/15,123,21,36,7,0.6,33,186,成都
2019/10/16,68,20,40,6,0.6,42,122,成都
2019/10/17,91,30,55,10,0.8,66,150,成都
2019/10/18,115,36,67,12,0.9,77,177,成都
2019/10/19,107,36,56,7,0.7,37,168,成都
2019/10/20,140,63,97,9,0.8,58,204,成都
2019/10/21,91,67,111,12,0.9,59,102,成都
2019/10/22,55,34,61,8,0.8,43,99,成都
2019/10/23,41,16,29,6,0.7,35,54,成都
2019/10/24,63,22,39,8,0.7,53,98,成都
2019/10/25,102,47,78,10,1,82,35,成都
2019/10/26,95,21,34,10,0.5,43,154,成都
2019/10/27,117,35,52,13,0.7,58,179,成都
2019/10/28,145,51,72,15,0.7,69,210,成都
2019/10/29,133,61,87,15,0.9,72,197,成都
2019/10/30,109,48,64,11,0.6,34,170,成都
2019/10/31,110,75,105,12,0.7,38,171,成都
2019/11/1,78,57,83,9,0.7,38,134,成都
2019/11/2,63,41,62,8,0.7,44,116,成都
2019/11/3,83,58,85,13,0.8,59,140,成都
2019/11/4,83,61,97,9,0.9,61,72,成都
2019/11/5,43,20,36,6,0.8,36,83,成都
2019/11/6,91,33,58,8,0.9,47,150,成都
2019/11/7,106,43,70,11,0.9,49,167,成都
2019/11/8,116,38,55,12,0.8,41,178,成都
2019/11/9,64,40,60,9,0.8,35,117,成都
2019/11/10,80,36,54,8,0.7,28,137,成都
2019/11/11,81,38,59,8,0.8,42,138,成都
2019/11/12,70,30,55,11,0.8,42,124,成都
2019/11/13,56,42,65,9,0.8,44,92,成都
2019/11/14,61,45,69,9,0.9,45,72,成都
2019/11/15,41,27,41,8,0.8,25,65,成都
2019/11/16,56,36,55,7,0.8,35,98,成都
2019/11/17,91,42,73,9,0.9,49,150,成都
2019/11/18,77,59,100,9,0.9,49,116,成都
2019/11/19,93,69,115,10,1,54,133,成都
2019/11/20,83,32,56,12,0.8,34,140,成都
2019/11/21,81,46,68,12,0.9,55,138,成都
2019/11/22,130,75,117,11,1.2,68,193,成都
2019/11/23,103,79,136,15,1.2,75,124,成都
2019/11/24,127,98,171,14,1.4,89,90,成都
2019/11/25,67,26,45,8,0.8,54,48,成都
2019/11/26,69,14,25,9,0.5,33,123,成都
2019/11/27,78,15,27,11,0.6,32,134,成都
2019/11/28,98,21,39,11,0.7,45,158,成都
2019/11/29,85,40,71,12,0.8,58,142,成都
2019/11/30,95,39,75,10,0.8,47,154,成都
2019/12/1,99,43,79,11,0.9,54,159,成都
2019/12/2,128,46,85,14,0.9,44,191,成都
2019/12/3,139,62,107,12,1.1,65,203,成都
2019/12/4,91,43,81,7,1.1,66,150,成都
2019/12/5,90,50,92,9,1.2,67,148,成都
2019/12/6,40,20,38,7,0.8,32,63,成都
2019/12/7,71,12,22,8,0.7,30,126,成都
2019/12/8,141,26,46,10,0.9,59,206,成都
2019/12/9,83,49,88,10,1,67,105,成都
2019/12/10,153,33,63,11,0.8,50,218,成都
2019/12/11,206,32,71,13,0.9,63,300,成都
2019/12/12,190,45,97,12,1,62,255,成都
2019/12/13,147,34,73,11,0.9,47,212,成都
2019/12/14,124,16,36,7,0.7,33,187,成都
2019/12/15,149,20,34,7,0.8,31,214,成都
2019/12/16,103,28,46,7,0.8,30,164,成都
2019/12/17,131,15,27,7,0.7,25,195,成都
2019/12/18,108,22,37,7,0.8,28,169,成都
2019/12/19,75,20,38,7,0.8,34,130,成都
2019/12/20,83,15,28,6,0.7,34,140,成都
2019/12/21,95,19,37,8,0.7,35,155,成都
2019/12/22,81,22,42,6,0.9,41,138,成都
2019/12/23,81,17,35,6,0.7,35,138,成都
2019/12/24,121,21,43,7,0.8,33,184,成都
2019/12/25,145,13,29,7,0.6,40,210,成都
2019/12/26,146,26,52,8,0.8,55,211,成都
2019/12/27,143,30,54,6,0.8,43,208,成都
2019/12/28,143,22,41,6,0.7,30,208,成都
2019/12/29,163,16,33,6,0.7,37,228,成都
2019/12/30,55,21,43,7,0.7,44,107,成都
2019/12/31,140,35,61,7,0.9,44,205,成都
2020/1/1,123,35,65,9,1,64,186,成都
2020/1/2,76,25,49,7,0.9,42,132,成都
2020/1/3,114,26,44,6,0.9,42,176,成都
2020/1/4,97,18,35,6,0.8,42,157,成都
2020/1/5,119,28,51,6,1,50,181,成都
2020/1/6,97,29,49,6,1,39,157,成都
2020/1/7,113,25,42,6,0.9,30,175,成都
2020/1/8,54,15,27,7,0.8,26,105,成都
2020/1/9,101,8,18,7,0.7,32,162,成都
2020/1/10,122,17,33,10,0.8,44,185,成都
2020/1/11,114,27,49,9,0.9,48,176,成都
2020/1/12,72,14,27,6,0.6,30,127,成都
2020/1/13,142,22,39,7,0.7,28,207,成都
2020/1/14,133,26,44,9,0.7,29,197,成都
2020/1/15,140,36,61,8,1,48,204,成都
2020/1/16,56,25,45,8,0.9,35,108,成都
2020/1/17,64,30,50,8,1.1,48,117,成都
2020/1/18,63,39,63,8,1.1,46,116,成都
2020/1/19,47,15,29,7,0.9,38,86,成都
2020/1/20,90,19,33,8,0.9,34,148,成都
2020/1/21,70,23,39,9,0.9,31,124,成都
2020/1/22,39,12,25,8,0.8,31,79,成都
2020/1/23,106,26,42,8,0.8,30,167,成都
2020/1/24,90,9,24,8,0.6,22,149,成都
2020/1/25,55,13,29,8,0.6,19,107,成都
2020/1/26,33,12,25,8,0.7,27,55,成都
2020/1/27,41,17,30,8,0.8,33,82,成都
2020/1/28,83,24,42,9,0.8,32,140,成都
2020/1/29,77,20,38,9,0.7,25,133,成都
2020/1/30,28,8,19,8,0.6,20,56,成都
2020/1/31,33,6,17,8,0.7,27,53,成都
2020/2/1,40,11,23,7,0.7,33,56,成都
2020/2/2,47,21,39,8,0.8,39,48,成都
2020/2/3,63,16,31,9,0.9,34,116,成都
2020/2/4,46,20,35,9,0.9,34,93,成都
2020/2/5,40,17,29,8,0.8,32,58,成都
2020/2/6,44,14,25,8,0.8,31,88,成都
2020/2/7,89,13,23,9,0.7,31,147,成都
2020/2/8,92,17,30,11,0.7,34,151,成都
2020/2/9,65,26,43,10,0.8,42,118,成都
2020/2/10,45,23,39,9,0.8,37,72,成都
2020/2/11,73,16,30,8,0.6,34,128,成都
2020/2/12,93,21,42,11,0.8,53,152,成都
2020/2/13,138,28,58,12,0.8,53,202,成都
2020/2/14,60,36,69,11,0.8,48,95,成都
2020/2/15,55,38,61,9,0.8,38,61,成都
2020/2/16,41,19,34,8,0.8,33,51,成都
2020/2/17,56,40,60,12,0.9,35,52,成都
2020/2/18,42,24,41,10,0.9,35,60,成都
2020/2/19,51,31,51,11,1.1,41,88,成都
2020/2/20,50,17,33,9,0.8,37,100,成都
2020/2/21,66,29,54,11,0.9,54,116,成都
2020/2/22,108,33,56,10,0.8,45,169,成都
2020/2/23,61,44,71,10,0.8,39,111,成都
2020/2/24,80,58,93,12,0.9,47,48,成都
2020/2/25,86,64,101,12,1.1,57,75,成都
2020/2/26,91,68,111,11,1.1,61,86,成都
2020/2/27,76,55,89,14,1.1,55,66,成都
2020/2/28,55,16,33,11,0.7,44,60,成都
2020/2/29,48,14,32,11,0.6,40,88,成都
2020/3/1,63,31,55,11,0.8,51,113,成都
2020/3/2,72,52,84,10,0.9,43,77,成都
2020/3/3,108,40,66,11,0.9,42,169,成都
2020/3/4,73,52,78,12,1,51,93,成都
2020/3/5,28,7,17,9,0.6,23,57,成都
2020/3/6,40,14,24,9,0.6,32,59,成都
2020/3/7,38,24,38,10,0.7,31,63,成都
2020/3/8,66,48,68,8,0.8,43,46,成都
2020/3/9,61,45,67,9,0.9,50,47,成都
2020/3/10,88,65,96,11,1.1,61,98,成都
2020/3/11,55,32,48,13,0.9,43,24,成都
2020/3/12,45,10,20,8,0.6,36,52,成都
2020/3/13,58,37,58,9,0.9,46,8,成都
2020/3/14,56,21,34,9,0.8,46,28,成都
2020/3/15,68,36,54,9,0.8,55,31,成都
2020/3/16,46,16,28,8,0.7,37,44,成都
2020/3/17,41,8,17,8,0.7,34,35,成都
2020/3/18,51,12,26,10,0.8,45,77,成都
2020/3/19,60,32,56,11,0.9,50,38,成都
2020/3/20,60,29,48,9,0.8,49,44,成都
2020/3/21,93,71,114,11,1,59,63,成都
2020/3/22,100,75,124,9,1,69,28,成都
2020/3/23,67,47,79,9,1,55,34,成都
2020/3/24,51,18,31,7,0.6,39,60,成都
2020/3/25,50,18,29,8,0.5,39,78,成都
2020/3/26,55,32,51,7,0.6,44,23,成都
2020/3/27,62,45,73,8,0.7,41,78,成都
2020/3/28,86,66,100,13,1,61,68,成都
2020/3/29,80,60,91,11,1.1,53,95,成都
2020/3/30,106,87,137,13,1.1,63,37,成都
2020/3/31,72,57,92,9,0.9,47,30,成都
2020/4/1,40,18,29,7,0.7,33,30,成都
2020/4/2,50,38,57,7,0.8,43,39,成都
2020/4/3,73,60,83,8,1.1,55,98,成都
2020/4/4,104,85,121,12,1.4,75,60,成都
2020/4/5,125,104,150,13,1.5,68,110,成都
2020/4/6,124,103,147,10,1.3,57,68,成都
2020/4/7,137,112,158,8,1.1,66,57,成都
2020/4/8,160,128,188,13,1.3,70,37,成都
2020/4/9,121,99,149,11,1.2,58,93,成都
2020/4/10,143,116,171,16,1.5,77,81,成都
2020/4/11,123,91,127,13,0.9,51,95,成都
2020/4/12,52,17,34,10,0.5,42,50,成都
2020/4/13,68,25,49,10,0.6,54,86,成都
2020/4/14,51,35,53,9,0.6,41,21,成都
2020/4/15,65,46,71,10,0.9,48,71,成都
2020/4/16,75,53,79,11,0.9,60,63,成都
2020/4/17,100,73,104,10,0.9,56,20,成都
2020/4/18,72,54,76,11,1,53,22,成都
2020/4/19,60,43,64,9,1.1,48,12,成都
2020/4/20,61,45,69,13,1,49,53,成都
2020/4/21,45,27,43,9,0.9,37,39,成都
2020/4/22,63,34,57,9,0.8,51,45,成都
2020/4/23,66,32,54,11,0.7,53,29,成都
2020/4/24,70,41,70,11,0.8,57,38,成都
2020/4/25,61,27,53,10,0.5,49,67,成都
2020/4/26,85,63,100,16,0.7,47,65,成都
2020/4/27,107,83,128,11,0.9,63,22,成都
2020/4/28,139,107,157,13,1.1,63,49,成都
2020/4/29,162,122,166,13,1.2,74,45,成都
2020/4/30,170,126,176,14,1.4,72,21,成都
2020/5/1,77,57,83,10,0.8,54,38,成都
2020/5/2,102,54,84,10,1.1,54,4,成都
2020/5/3,92,46,74,10,1.2,60,0,成都
2020/5/4,68,71,105,10,1,58,0,成都
2020/5/5,100,77,106,9,1,53,0,成都
2020/5/6,113,107,145,12,1.4,69,0,成都
2020/5/7,149,96,126,10,1.5,62,0,成都
2020/5/8,103,74,102,12,1,54,0,成都
2020/5/9,97,57,85,15,1,55,0,成都
2020/5/10,88,46,79,10,1,61,0,成都
2020/5/11,82,78,111,13,1,53,0,成都
2020/5/12,137,74,106,10,1,67,0,成都
2020/5/13,109,107,170,19,2.3,101,0,成都
2020/5/14,168,119,176,18,1.9,89,0,成都
2020/5/15,109,82,107,9,0.9,46,23,成都
2020/5/16,108,81,114,10,0.9,42,32,成都
2020/5/17,99,74,102,8,1,55,46,成都
2020/5/18,70,41,69,9,0.7,56,68,成都
2020/5/19,92,63,106,14,0.9,72,34,成都
2020/5/20,115,87,143,11,1.2,75,57,成都
2020/5/21,137,104,156,14,1.5,90,61,成都
2020/5/22,138,105,150,13,1.4,86,80,成都
2020/5/23,180,136,187,14,1.7,97,64,成都
2020/5/24,241,191,253,14,2.2,115,60,成都
2020/5/25,225,174,228,13,1.9,91,60,成都
2020/5/26,207,157,210,13,2,94,69,成都
2020/5/27,211,161,206,12,1.7,80,67,成都
2020/5/28,201,150,198,12,1.7,81,62,成都
2020/5/29,202,151,205,10,1.7,66,12,成都
2020/5/30,213,163,223,10,1.9,71,26,成都
2020/5/31,242,0,0,11,1.9,82,8,成都
2020/6/1,190,0,0,9,1.2,61,48,成都
2020/6/2,184,0,0,13,1.4,71,61,成都
2020/6/3,128,94,206,11,1.3,71,64,成都
2020/6/4,127,96,186,11,1.3,62,55,成都
2020/6/5,58,35,65,7,0.8,34,48,成都
2020/6/6,37,17,27,5,1,29,44,成都
2020/6/7,43,30,41,5,1.1,34,14,成都
2020/6/8,40,23,34,6,0.9,32,37,成都
2020/6/9,50,34,50,8,0.9,38,63,成都
2020/6/10,61,38,71,7,0.6,39,68,成都
2020/6/11,90,67,113,9,1,63,66,成都
2020/6/12,124,94,143,12,1.3,74,71,成都
2020/6/13,137,104,159,14,1.5,84,71,成都
2020/6/14,133,101,149,15,1.2,78,65,成都
2020/6/15,180,136,195,18,1.3,86,54,成都
2020/6/16,207,157,213,18,1.3,76,76,成都
2020/6/17,251,201,269,19,1.6,88,17,成都
2020/6/18,109,82,107,9,0.9,50,74,成都
2020/6/19,114,86,125,11,1.1,68,73,成都
2020/6/20,150,115,162,12,1.3,78,28,成都
2020/6/21,94,70,117,10,1.1,64,69,成都
2020/6/22,137,104,153,13,1.1,73,25,成都
2020/6/23,159,121,160,14,1.2,56,83,成都
2020/6/24,129,98,127,10,1.2,56,41,成都
2020/6/25,120,91,130,11,1.3,73,20,成都
2020/6/26,68,49,65,8,0.9,40,32,成都
2020/6/27,34,22,32,6,1,27,55,成都
2020/6/28,63,45,58,6,0.8,31,46,成都
2020/6/29,55,39,48,5,0.8,32,34,成都
2020/6/30,90,67,86,7,1.1,47,44,成都
2020/7/1,125,95,123,10,1.2,56,27,成都
2020/7/2,130,99,127,11,1.2,60,19,成都
2020/7/3,90,67,96,8,1,55,61,成都
2020/7/4,78,56,105,11,0.8,62,51,成都
2020/7/5,89,66,123,9,0.9,64,74,成都
2020/7/6,99,74,130,12,0.9,57,93,成都
2020/7/7,110,83,106,6,0.8,46,49,成都
2020/7/8,112,84,101,6,0.9,47,49,成都
2020/7/9,135,103,134,7,1.1,59,24,成都
2020/7/10,159,121,156,8,1.2,59,42,成都
2020/7/11,143,109,132,7,1,49,53,成都
2020/7/12,132,100,118,6,1,51,58,成都
2020/7/13,0,0,0,5,0.6,28,81,成都
2020/7/14,0,0,0,7,0.8,42,52,成都
2020/7/15,0,0,0,7,1,48,68,成都
2020/7/16,0,0,0,7,1,38,85,成都
2020/7/17,160,122,183,9,1.2,48,75,成都
2020/7/18,147,112,152,6,1.3,43,93,成都
2020/7/19,206,156,193,11,1.3,37,106,成都
2020/7/20,140,107,135,10,1.1,28,91,成都
2020/7/21,57,33,64,9,0.8,23,95,成都
2020/7/22,57,40,60,8,0.8,25,107,成都
2020/7/23,72,52,67,7,0.9,24,105,成都
2020/7/24,45,29,45,7,0.7,19,75,成都
2020/7/25,35,23,35,5,0.6,25,68,成都
2020/7/26,57,40,52,7,0.8,31,52,成都
2020/7/27,47,24,43,6,0.7,35,93,成都
2020/7/28,64,43,71,8,0.8,43,116,成都
2020/7/29,84,62,90,11,1,55,73,成都
2020/7/30,88,65,91,10,1.2,57,110,成都
2020/7/31,109,82,110,10,1.2,56,121,成都
2020/8/1,110,83,111,10,1.2,60,146,成都
2020/8/2,102,76,111,13,1.1,61,115,成都
2020/8/3,122,92,129,18,1.2,61,97,成都
2020/8/4,68,49,74,10,0.8,41,72,成都
2020/8/5,55,32,58,9,0.7,44,43,成都
2020/8/6,37,16,25,6,0.7,29,41,成都
2020/8/7,50,25,37,7,0.7,40,71,成都
2020/8/8,62,38,68,10,0.8,49,114,成都
2020/8/9,80,56,102,12,0.8,64,129,成都
2020/8/10,87,64,110,15,0.8,65,83,成都
2020/8/11,77,53,98,12,0.8,61,122,成都
2020/8/12,104,78,123,13,1,67,103,成都
2020/8/13,123,93,140,11,1.1,79,115,成都
2020/8/14,145,111,167,13,1.5,88,147,成都
2020/8/15,142,108,159,14,1.4,86,153,成都
2020/8/16,122,92,126,11,1,48,119,成都
2020/8/17,49,34,45,7,0.7,27,60,成都
2020/8/18,71,32,92,8,0.8,38,88,成都
2020/8/19,74,42,98,7,0.8,41,109,成都
2020/8/20,88,59,125,10,0.9,59,74,成都
2020/8/21,89,66,106,8,1,59,72,成都
2020/8/22,79,56,95,9,1.1,63,122,成都
2020/8/23,102,76,121,13,1.1,77,69,成都
2020/8/24,88,65,96,9,1,63,45,成都
2020/8/25,63,32,50,8,0.7,42,115,成都
2020/8/26,73,53,86,11,0.9,56,95,成都
2020/8/27,65,33,59,13,0.7,52,91,成都
2020/8/28,71,43,73,9,0.9,52,125,成都
2020/8/29,84,62,95,9,1,61,112,成都
2020/8/30,77,43,73,9,1,61,54,成都
2020/8/31,59,33,54,8,0.9,47,53,成都
2020/9/1,64,30,77,8,0.7,45,115,成都
2020/9/2,83,44,107,11,0.9,59,139,成都
2020/9/3,110,53,117,13,1.2,75,170,成都
2020/9/4,107,74,141,17,1.2,84,167,成都
2020/9/5,69,31,87,8,0.5,34,82,成都
2020/9/6,81,39,112,6,0.5,31,68,成都
2020/9/7,84,42,118,8,0.6,41,100,成都
2020/9/8,82,48,113,10,0.8,57,130,成都
2020/9/9,110,64,136,14,1.1,68,170,成都
2020/9/10,100,75,145,16,1.1,78,155,成都
2020/9/11,139,106,158,12,1.1,68,147,成都
2020/9/12,83,61,101,9,0.9,36,82,成都
2020/9/13,37,11,25,6,0.6,29,62,成都
2020/9/14,56,27,61,6,0.6,42,52,成都
2020/9/15,54,26,54,6,0.6,43,104,成都
2020/9/16,84,41,85,9,0.8,53,140,成都
2020/9/17,110,53,103,10,0.8,67,171,成都
2020/9/18,124,75,133,12,1.1,80,186,成都
2020/9/19,117,73,130,15,1,69,178,成都
2020/9/20,80,51,72,7,0.8,28,135,成都
2020/9/21,60,43,60,6,0.8,39,107,成都
2020/9/22,103,34,54,7,0.8,43,163,成都
2020/9/23,43,22,43,6,0.6,30,85,成都
2020/9/24,37,7,12,6,0.6,16,73,成都
2020/9/25,57,12,22,6,0.5,28,108,成都
2020/9/26,65,22,46,9,0.6,41,117,成都
2020/9/27,59,23,50,9,0.5,47,94,成都
2020/9/28,83,39,73,15,0.7,51,139,成都
2020/9/29,130,51,88,12,0.8,57,192,成都
2020/9/30,95,66,117,13,0.8,66,153,成都
2020/10/1,79,58,92,10,0.7,53,75,成都
2020/10/2,59,20,50,9,0.5,47,106,成都
2020/10/3,72,45,84,12,0.7,49,126,成都
2020/10/4,82,60,84,9,0.7,30,111,成都
2020/10/5,57,31,52,8,0.7,45,60,成都
2020/10/6,80,21,54,7,0.4,30,136,成都
2020/10/7,88,36,77,10,0.6,50,145,成都
2020/10/8,65,47,79,10,0.7,41,87,成都
2020/10/9,29,10,13,5,0.5,19,58,成都
2020/10/10,33,15,19,6,0.6,26,58,成都
2020/10/11,60,14,23,7,0.7,37,112,成都
2020/10/12,69,22,48,10,0.7,55,100,成都
2020/10/13,92,39,78,12,1,73,137,成都
2020/10/14,147,56,105,14,1.1,76,211,成都
2020/10/15,167,56,128,13,0.9,66,232,成都
2020/10/16,182,70,120,12,1.1,73,247,成都
2020/10/17,55,30,50,9,0.7,33,105,成都
2020/10/18,94,36,58,8,0.8,44,152,成都
2020/10/19,80,30,44,7,0.7,34,135,成都
2020/10/20,114,44,69,9,0.9,50,175,成都
2020/10/21,55,29,44,7,0.8,29,105,成都
2020/10/22,55,11,24,6,0.4,22,105,成都
2020/10/23,76,25,51,8,0.5,34,131,成都
2020/10/24,71,38,66,8,0.6,42,125,成都
2020/10/25,146,44,73,8,0.7,42,210,成都
2020/10/26,51,27,52,7,0.6,35,79,成都
2020/10/27,87,31,79,8,0.5,33,144,成都
2020/10/28,0,0,0,13,0.6,40,152,成都
2020/10/29,0,0,0,16,0.7,56,141,成都
2020/10/30,80,54,110,12,0.7,54,114,成都
2020/10/31,80,30,52,10,0.6,31,136,成都
2020/11/1,55,39,58,7,0.7,35,102,成都
2020/11/2,65,47,69,8,0.8,43,90,成都
2020/11/3,82,47,83,9,1,65,57,成都
2020/11/4,90,16,27,8,0.6,43,148,成都
2020/11/5,107,25,47,10,0.7,46,167,成都
2020/11/6,147,35,56,11,0.8,47,211,成都
2020/11/7,126,44,68,10,0.8,40,188,成都
2020/11/8,60,15,24,6,0.4,13,111,成都
2020/11/9,86,22,33,10,0.6,28,143,成都
2020/11/10,94,21,33,8,0.5,29,152,成都
2020/11/11,58,27,41,8,0.7,46,78,成都
2020/11/12,83,26,36,7,0.6,27,139,成都
2020/11/13,59,21,32,9,0.6,29,110,成都
2020/11/14,58,20,33,12,0.6,34,109,成都
2020/11/15,40,18,29,9,0.5,27,80,成都
2020/11/16,62,31,48,8,0.6,31,114,成都
2020/11/17,45,23,40,9,0.7,36,65,成都
2020/11/18,50,10,14,8,0.7,21,100,成都
2020/11/19,67,20,40,9,0.9,49,120,成都
2020/11/20,91,34,63,10,0.9,52,149,成都
2020/11/21,33,16,26,8,0.8,26,66,成都
2020/11/22,94,26,42,9,0.9,40,152,成都
2020/11/23,57,32,52,10,0.9,45,85,成都
2020/11/24,44,18,30,9,0.8,27,87,成都
2020/11/25,38,18,29,9,0.7,27,76,成都
2020/11/26,38,12,20,9,0.6,20,76,成都
2020/11/27,55,18,27,8,0.7,25,105,成都
2020/11/28,88,15,23,8,0.7,35,145,成都
2020/11/29,49,28,46,8,1,39,83,成都
2020/11/30,48,14,21,8,0.7,25,96,成都
2020/12/1,60,17,26,7,0.8,29,111,成都
2020/12/2,32,10,18,9,0.6,21,63,成都
2020/12/3,36,6,10,8,0.6,15,72,成都
2020/12/4,38,10,17,8,0.8,30,55,成都
2020/12/5,80,14,24,6,0.9,32,135,成都
2020/12/6,42,8,16,7,0.8,19,84,成都
2020/12/7,56,17,26,6,0.7,19,107,成都
2020/12/8,39,16,23,6,0.7,21,78,成都
2020/12/9,29,7,9,6,0.6,16,58,成都
2020/12/10,35,15,21,6,0.7,28,46,成都
2020/12/11,46,6,9,6,0.5,20,91,成都
2020/12/12,38,12,19,7,0.6,30,67,成都
2020/12/13,86,23,40,8,0.9,40,143,成都
2020/12/14,73,28,46,8,0.9,40,127,成都
2020/12/15,42,14,22,8,0.7,27,84,成都
2020/12/16,55,15,24,8,0.7,35,106,成都
2020/12/17,60,17,27,7,0.7,32,111,成都
2020/12/18,79,30,48,7,0.8,35,134,成都
2020/12/19,86,33,55,7,0.9,35,143,成都
2020/12/20,117,31,50,8,0.7,30,178,成都
2020/12/21,143,21,40,8,0.7,31,207,成都
2020/12/22,82,37,67,9,0.9,47,138,成都
2020/12/23,64,34,62,9,0.9,51,114,成都
2020/12/24,137,37,59,8,0.8,47,200,成都
2020/12/25,105,38,59,7,0.7,39,165,成都
2020/12/26,62,31,46,8,0.8,38,114,成都
2020/12/27,54,17,27,8,0.7,37,104,成都
2020/12/28,69,28,42,8,0.7,34,122,成都
2020/12/29,74,19,30,8,0.7,28,128,成都
2020/12/30,38,15,24,7,0.6,30,61,成都
2020/12/31,75,24,39,7,0.7,39,129,成都
2021/1/1,55,30,47,7,0.8,44,55,成都
2021/1/2,33,16,24,7,0.6,26,51,成都
2021/1/3,37,18,29,7,0.6,29,69,成都
2021/1/4,75,24,40,7,0.8,41,129,成都
2021/1/5,62,29,50,7,0.9,49,108,成都
2021/1/6,142,34,57,8,0.8,44,206,成都
2021/1/7,50,24,42,7,0.8,40,84,成都
2021/1/8,50,25,43,7,0.8,40,94,成都
2021/1/9,60,26,44,7,0.8,40,112,成都
2021/1/10,61,15,25,7,0.7,27,113,成都
2021/1/11,85,31,52,8,0.8,41,141,成都
2021/1/12,65,28,47,7,0.8,37,118,成都
2021/1/13,100,38,62,9,0.9,43,160,成都
2021/1/14,105,32,53,8,0.7,37,165,成都
2021/1/15,141,46,76,8,0.9,49,205,成都
2021/1/16,66,24,38,7,0.7,25,119,成都
2021/1/17,71,22,42,8,0.7,31,125,成都
2021/1/18,100,26,47,9,0.7,38,160,成都
2021/1/19,95,33,60,9,0.8,43,153,成都
2021/1/20,116,38,68,9,0.9,47,177,成都
2021/1/21,112,41,65,9,0.9,41,173,成都
2021/1/22,64,12,21,8,0.6,25,116,成都
2021/1/23,124,37,62,9,0.9,40,186,成都
2021/1/24,76,44,74,9,0.9,49,131,成都
2021/1/25,64,38,59,9,0.9,34,116,成都
2021/1/26,118,32,51,8,0.8,38,179,成都
2021/1/27,105,39,62,9,0.9,49,165,成都
2021/1/28,130,46,72,9,0.9,48,192,成都
2021/1/29,131,54,85,10,1,52,194,成都
2021/1/30,91,37,56,7,0.9,41,149,成都
2021/1/31,106,37,55,7,0.9,34,166,成都
2021/2/1,107,28,43,8,0.8,30,167,成都
2021/2/2,76,25,39,8,0.8,22,131,成都
2021/2/3,55,13,24,8,0.7,25,105,成都
2021/2/4,127,30,53,8,0.9,41,189,成都
2021/2/5,36,19,29,8,0.7,24,71,成都
2021/2/6,45,16,29,7,0.6,36,61,成都
2021/2/7,55,28,51,9,0.8,44,61,成都
2021/2/8,60,29,54,9,0.7,38,111,成都
2021/2/9,51,32,51,8,0.7,30,64,成都
2021/2/10,47,17,28,7,0.6,23,93,成都
2021/2/11,48,29,42,7,0.7,38,56,成都
2021/2/12,45,28,40,7,0.8,36,77,成都
2021/2/13,35,23,34,7,0.7,28,66,成都
2021/2/14,43,28,38,7,0.8,34,44,成都
2021/2/15,34,16,23,6,0.7,27,54,成都
2021/2/16,44,13,29,7,0.7,35,84,成都
2021/2/17,74,19,38,8,0.8,37,128,成都
2021/2/18,48,26,43,7,0.9,38,50,成都
2021/2/19,39,21,32,7,0.9,31,58,成都
2021/2/20,58,21,49,8,1,46,34,成都
2021/2/21,70,14,34,8,0.7,36,123,成都
2021/2/22,72,35,61,9,0.7,38,126,成都
2021/2/23,62,44,61,8,0.9,36,45,成都
2021/2/24,32,15,22,7,0.7,18,63,成都
2021/2/25,27,8,14,6,0.7,17,54,成都
2021/2/26,46,10,18,7,0.8,25,92,成都
2021/2/27,33,12,23,7,0.7,26,53,成都
2021/2/28,55,16,32,7,0.7,35,105,成都
2021/3/1,49,25,45,8,0.8,39,92,成都
2021/3/2,50,23,37,7,0.8,40,49,成都
2021/3/3,49,16,26,6,0.7,39,44,成都
2021/3/4,52,20,34,7,0.7,41,26,成都
2021/3/5,39,16,25,6,0.5,31,56,成都
2021/3/6,48,24,39,7,0.6,38,63,成都
2021/3/7,62,44,63,7,0.7,42,71,成都
2021/3/8,84,62,81,7,0.8,43,69,成都
2021/3/9,42,26,36,7,0.6,33,54,成都
2021/3/10,47,24,33,6,0.6,37,79,成都
2021/3/11,54,18,32,7,0.6,43,67,成都
2021/3/12,48,17,44,8,0.4,37,95,成都
2021/3/13,84,59,103,10,0.8,67,41,成都
2021/3/14,94,70,105,8,0.8,51,39,成都
2021/3/15,59,42,53,6,0.6,28,62,成都
2021/3/16,54,38,50,7,0.7,37,66,成都
2021/3/17,57,36,52,7,0.7,45,85,成都
2021/3/18,73,53,73,8,0.8,53,45,成都
2021/3/19,87,64,92,7,0.8,53,30,成都
2021/3/20,49,34,42,6,0.7,33,33,成都
2021/3/21,35,19,24,6,0.6,28,45,成都
2021/3/22,35,17,24,6,0.7,28,45,成都
2021/3/23,42,21,30,7,0.7,33,74,成都
2021/3/24,73,53,75,8,1,54,18,成都
2021/3/25,59,34,55,8,0.8,47,63,成都
2021/3/26,58,40,66,8,0.7,43,19,成都
2021/3/27,59,39,66,9,0.9,47,76,成都
2021/3/28,90,57,106,12,1.3,72,57,成都
2021/3/29,95,71,121,14,1.1,58,45,成都
2021/3/30,90,67,107,8,0.9,52,93,成都
2021/3/31,142,108,155,11,1.1,67,52,成都
2021/4/1,97,72,106,10,1,52,62,成都
2021/4/2,70,46,78,10,1,56,83,成都
2021/4/3,97,72,109,12,1.1,64,115,成都
2021/4/4,128,97,135,12,1.1,61,110,成都
2021/4/5,105,79,112,14,0.9,61,76,成都
2021/4/6,62,44,71,10,0.7,42,63,成都
2021/4/7,47,21,39,8,0.5,37,49,成都
2021/4/8,54,38,56,8,0.5,40,32,成都
2021/4/9,47,26,38,7,0.5,37,51,成都
2021/4/10,45,30,43,8,0.6,36,67,成都
2021/4/11,72,52,71,6,0.6,48,34,成都
2021/4/12,94,70,100,8,0.9,58,28,成都
2021/4/13,85,63,89,7,0.8,50,59,成都
2021/4/14,75,55,76,6,0.8,44,54,成都
2021/4/15,77,56,78,7,0.8,46,15,成都
2021/4/16,90,67,94,9,0.9,49,9,成都
2021/4/17,50,33,50,7,0.8,36,16,成都
2021/4/18,32,9,16,5,0.6,25,33,成都
2021/4/19,34,15,23,5,0.5,27,39,成都
2021/4/20,52,25,38,6,0.6,41,60,成都
2021/4/21,63,37,60,7,0.7,50,35,成都
2021/4/22,79,58,92,8,0.9,55,19,成都
2021/4/23,82,60,99,9,0.9,56,30,成都
2021/4/24,70,45,79,8,0.8,56,54,成都
2021/4/25,95,71,102,8,0.8,49,49,成都
2021/4/26,108,81,119,7,1.1,60,34,成都
2021/4/27,143,109,152,8,1.2,57,42,成都
2021/4/28,103,77,104,6,0.9,46,29,成都
2021/4/29,88,65,105,7,1.1,52,48,成都
2021/4/30,84,62,107,7,0.9,50,29,成都
2021/5/1,112,84,147,7,1.1,55,17,成都
2021/5/2,138,105,163,8,1.3,68,15,成都
2021/5/3,82,60,95,7,1.1,51,23,成都
2021/5/4,69,50,69,6,0.9,40,16,成都
2021/5/5,87,45,123,7,0.9,47,51,成都
2021/5/6,0,0,0,8,0.8,55,24,成都
2021/5/7,0,0,0,9,0.7,43,23,成都
2021/5/8,81,41,112,8,0.7,42,26,成都
2021/5/9,60,26,69,5,0.6,23,45,成都
2021/5/10,33,22,31,5,0.6,26,26,成都
2021/5/11,32,16,21,4,0.8,25,10,成都
2021/5/12,45,31,44,5,0.8,33,9,成都
2021/5/13,63,45,69,7,1,43,19,成都
2021/5/14,85,63,104,8,1.3,64,17,成都
2021/5/15,114,86,138,8,1.1,67,12,成都
2021/5/16,113,85,122,9,0.9,58,11,成都
2021/5/17,105,79,117,9,0.9,56,34,成都
2021/5/18,87,64,100,9,1.1,53,57,成都
2021/5/19,134,102,155,9,1.4,72,62,成都
2021/5/20,158,120,166,8,1.2,79,31,成都
2021/5/21,192,144,195,8,1.2,69,24,成都
2021/5/22,205,155,207,10,1.2,57,22,成都
2021/5/23,135,103,140,7,1.1,58,12,成都
2021/5/24,57,38,62,8,0.7,45,62,成都
2021/5/25,64,37,64,7,0.7,51,33,成都
2021/5/26,62,43,74,8,0.8,45,13,成都
2021/5/27,52,34,50,6,0.9,41,14,成都
2021/5/28,82,60,94,7,1.1,57,18,成都
2021/5/29,65,47,69,6,0.9,40,11,成都
2021/5/30,50,35,44,6,1,25,37,成都
2021/5/31,67,48,63,6,0.9,33,42,成都
2021/6/1,88,65,76,6,1,43,27,成都
2021/6/2,78,57,73,5,1.1,44,17,成都
2021/6/3,77,56,66,8,1.2,46,20,成都
2021/6/4,84,62,87,9,1,44,32,成都
2021/6/5,99,74,100,7,1,47,14,成都
2021/6/6,78,57,90,5,1,52,60,成都
2021/6/7,98,73,118,8,1.4,68,51,成都
2021/6/8,125,95,145,8,1.2,66,20,成都
2021/6/9,128,97,138,8,1.2,61,38,成都
2021/6/10,133,101,155,11,1.4,71,20,成都
2021/6/11,138,105,142,9,1.2,56,23,成都
2021/6/12,95,71,94,6,1.2,41,20,成都
2021/6/13,89,66,90,7,1.4,49,69,成都
2021/6/14,104,78,109,7,1.4,60,27,成都
2021/6/15,102,76,111,6,1.5,51,55,成都
2021/6/16,138,105,152,9,1.7,71,29,成都
2021/6/17,68,49,80,7,1,51,58,成都
2021/6/18,84,62,102,8,0.7,51,65,成都
2021/6/19,119,90,142,9,1,62,21,成都
2021/6/20,107,80,114,6,1,51,45,成都
2021/6/21,84,62,99,7,1,55,80,成都
2021/6/22,88,65,115,10,1,59,76,成都
2021/6/23,69,43,77,7,0.7,55,46,成都
2021/6/24,104,78,122,10,1,60,59,成都
2021/6/25,132,100,158,11,1,70,58,成都
2021/6/26,138,105,160,10,1,75,28,成都
2021/6/27,148,113,165,9,1.2,70,38,成都
2021/6/28,152,116,161,8,1.2,55,38,成都
2021/6/29,88,65,83,5,1,32,28,成都
2021/6/30,79,58,76,5,1,39,70,成都
2021/7/1,105,79,108,6,1.1,46,60,成都
2021/7/2,102,76,101,6,1,45,40,成都
2021/7/3,88,65,91,5,1.1,44,33,成都
2021/7/4,88,65,83,5,1,45,62,成都
2021/7/5,105,79,98,6,1,36,34,成都
2021/7/6,64,46,65,5,1,31,85,成都
2021/7/7,83,61,93,7,0.8,39,97,成都
2021/7/8,137,104,140,10,0.9,36,111,成都
2021/7/9,112,84,116,7,0.9,35,97,成都
2021/7/10,90,67,93,7,0.9,36,99,成都
2021/7/11,73,53,78,6,0.7,16,60,成都
2021/7/12,57,34,63,4,0.7,14,56,成都
2021/7/13,42,28,42,4,0.8,17,63,成都
2021/7/14,58,41,56,5,1,23,78,成都
2021/7/15,54,38,55,4,1,28,75,成都
2021/7/16,82,60,84,6,1.1,38,70,成都
2021/7/17,97,72,98,5,1.2,41,37,成都
2021/7/18,72,52,82,6,1.2,46,56,成都
2021/7/19,72,50,94,6,1,45,35,成都
2021/7/20,51,33,51,3,0.9,22,31,成都
2021/7/21,36,25,35,4,0.9,27,44,成都
2021/7/22,57,40,58,5,0.9,39,40,成都
2021/7/23,70,51,72,7,0.8,43,53,成都
2021/7/24,69,49,76,7,1.1,55,73,成都
2021/7/25,120,91,131,11,1.4,77,13,成都
2021/7/26,108,81,112,6,1,53,30,成都
2021/7/27,75,55,79,5,0.7,40,23,成都
2021/7/28,75,55,80,7,0.9,48,35,成都
2021/7/29,74,54,76,5,0.7,39,47,成都
2021/7/30,60,43,62,6,0.7,45,57,成都
2021/7/31,79,58,86,8,0.9,54,38,成都
2021/8/1,50,35,48,4,0.8,36,29,成都
2021/8/2,48,17,26,5,0.8,38,81,成都
2021/8/3,59,32,50,6,0.8,47,83,成都
2021/8/4,69,50,76,8,0.8,47,68,成都
2021/8/5,67,42,68,6,0.9,53,85,成都
2021/8/6,68,39,57,5,0.8,54,45,成都
2021/8/7,44,28,37,5,0.6,35,42,成都
2021/8/8,51,31,52,4,0.7,32,61,成都
2021/8/9,62,44,65,5,0.8,47,99,成都
2021/8/10,68,49,76,7,0.8,50,106,成都
2021/8/11,84,62,101,7,0.9,56,126,成都
2021/8/12,102,75,134,12,1,84,69,成都
2021/8/13,88,65,111,11,0.8,52,68,成都
2021/8/14,74,30,61,7,0.7,59,40,成都
2021/8/15,70,41,74,11,0.7,56,55,成都
2021/8/16,56,39,61,5,0.6,42,62,成都
2021/8/17,63,42,67,5,0.8,50,64,成都
2021/8/18,87,57,102,6,1,69,68,成都
2021/8/19,95,71,121,7,1,64,74,成都
2021/8/20,97,72,110,7,1.1,62,118,成都
2021/8/21,73,40,95,7,0.7,50,75,成都
2021/8/22,61,30,71,5,0.6,35,75,成都
2021/8/23,52,22,54,5,0.5,38,59,成都
2021/8/24,63,39,69,5,0.7,50,63,成都
2021/8/25,70,41,72,6,0.8,56,68,成都
2021/8/26,78,57,95,6,0.9,57,78,成都
2021/8/27,73,53,91,8,0.9,55,115,成都
2021/8/28,66,33,66,7,0.7,44,119,成都
2021/8/29,94,54,117,11,1,61,152,成都
2021/8/30,81,50,112,9,0.8,56,84,成都
2021/8/31,61,31,72,7,0.7,40,79,成都
2021/9/1,63,42,76,5,0.7,39,54,成都
2021/9/2,57,40,57,6,0.8,33,74,成都
2021/9/3,53,28,46,6,0.7,42,79,成都
2021/9/4,68,49,67,6,0.7,39,104,成都
2021/9/5,65,45,67,10,0.8,48,118,成都
2021/9/6,90,38,76,11,0.9,62,148,成都
2021/9/7,112,54,108,13,1.1,72,173,成都
2021/9/8,90,55,111,14,0.9,70,148,成都
2021/9/9,91,27,67,8,0.6,38,149,成都
2021/9/10,54,24,58,6,0.7,34,72,成都
2021/9/11,42,22,42,5,0.7,29,76,成都
2021/9/12,78,57,89,6,1,52,59,成都
2021/9/13,70,51,81,7,1,45,91,成都
2021/9/14,54,14,32,5,0.6,24,104,成都
2021/9/15,48,29,48,5,0.7,26,66,成都
2021/9/16,67,48,63,6,0.7,36,119,成都
2021/9/17,75,55,81,8,0.8,47,97,成都
2021/9/18,94,70,108,10,1,65,120,成都
2021/9/19,102,76,128,10,1.1,66,141,成都
2021/9/20,50,24,43,6,0.9,40,68,成都
2021/9/21,79,22,43,7,0.7,41,134,成都
2021/9/22,95,34,73,9,0.8,51,153,成都
2021/9/23,122,45,85,8,0.8,56,184,成都
2021/9/24,155,55,96,10,1,57,220,成都
2021/9/25,127,55,101,8,1,57,189,成都
2021/9/26,135,47,82,9,0.9,46,198,成都
2021/9/27,76,32,63,8,0.8,23,131,成都
2021/9/28,50,13,27,5,0.7,18,99,成都
2021/9/29,71,21,37,6,0.7,33,125,成都
2021/9/30,57,23,43,6,0.7,43,108,成都
2021/10/1,63,45,71,8,0.8,41,96,成都
2021/10/2,56,31,45,5,0.7,24,107,成都
2021/10/3,57,40,61,5,0.8,25,76,成都
2021/10/4,55,39,55,6,0.8,30,75,成都
2021/10/5,44,30,44,6,0.8,30,52,成都
2021/10/6,30,8,13,6,0.7,19,59,成都
2021/10/7,48,5,9,5,0.6,15,95,成都
2021/10/8,56,22,32,5,0.8,38,107,成都
2021/10/9,59,11,21,5,0.7,30,110,成都
2021/10/10,71,29,52,7,0.8,47,125,成都
2021/10/11,83,61,96,8,1,52,128,成都
2021/10/12,75,36,52,4,0.8,23,130,成都
2021/10/13,106,23,47,5,0.6,21,166,成都
2021/10/14,72,50,94,6,0.7,32,117,成都
2021/10/15,64,46,77,6,0.8,37,110,成都
2021/10/16,71,26,60,6,0.7,44,125,成都
2021/10/17,66,41,73,5,0.8,44,119,成都
2021/10/18,69,45,69,6,0.8,40,122,成都
2021/10/19,55,27,59,5,0.6,27,90,成都
2021/10/20,58,20,49,5,0.5,27,109,成都
2021/10/21,108,26,58,5,0.6,37,168,成都
2021/10/22,84,36,75,7,0.7,42,140,成都
2021/10/23,125,43,83,6,0.8,53,187,成都
2021/10/24,81,46,82,6,0.9,49,137,成都
2021/10/25,100,51,76,5,1,42,160,成都
2021/10/26,80,48,76,5,1.1,60,136,成都
2021/10/27,60,25,69,5,0.8,38,92,成都
2021/10/28,40,14,32,5,0.6,21,80,成都
2021/10/29,32,15,24,4,0.7,25,47,成都
2021/10/30,60,33,49,5,0.9,48,84,成都
2021/10/31,64,41,70,8,1,49,116,成都
2021/11/1,99,31,50,6,0.7,32,158,成都
2021/11/2,110,34,66,8,0.9,45,170,成都
2021/11/3,155,48,106,8,1,64,220,成都
2021/11/4,171,61,117,10,1.1,55,236,成都
2021/11/5,111,17,33,5,0.7,20,172,成都
2021/11/6,95,22,40,8,0.8,38,153,成都
2021/11/7,100,22,36,5,0.7,17,159,成都
2021/11/8,54,38,56,5,0.9,32,85,成都
2021/11/9,102,19,34,5,0.7,21,162,成都
2021/11/10,61,28,47,5,0.7,27,113,成都
2021/11/11,47,17,27,5,0.6,16,94,成都
2021/11/12,148,17,28,5,0.7,20,212,成都
2021/11/13,103,23,35,5,0.6,15,163,成都
2021/11/14,46,23,33,4,0.7,21,91,成都
2021/11/15,48,14,21,4,0.6,15,95,成都
2021/11/16,68,24,34,5,0.6,31,121,成都
2021/11/17,47,25,38,5,0.7,37,60,成都
2021/11/18,42,21,34,6,0.7,33,66,成都
2021/11/19,37,21,31,5,0.7,29,60,成都
2021/11/20,67,20,37,6,0.9,37,120,成都
2021/11/21,49,13,28,6,0.7,27,97,成都
2021/11/22,49,6,16,5,0.6,12,97,成都
2021/11/23,61,17,29,6,0.6,15,113,成都
2021/11/24,38,16,25,5,0.6,22,75,成都
2021/11/25,35,18,29,5,0.8,28,69,成都
2021/11/26,42,25,39,5,0.8,33,79,成都
2021/11/27,50,17,28,5,0.8,27,99,成都
2021/11/28,62,8,21,5,0.7,28,114,成都
2021/11/29,102,25,54,7,0.8,55,162,成都
2021/11/30,109,40,80,9,0.9,66,169,成都
2021/12/1,156,41,82,8,0.9,57,221,成都
2021/12/2,72,39,77,8,0.9,55,126,成都
2021/12/3,53,35,56,5,0.8,41,68,成都
2021/12/4,52,18,26,4,0.7,26,102,成都
2021/12/5,72,23,36,5,0.7,30,126,成都
2021/12/6,67,36,56,6,1,53,60,成都
2021/12/7,60,19,36,5,0.8,48,73,成都
2021/12/8,54,21,36,5,0.9,29,104,成都
2021/12/9,62,24,43,5,0.8,38,114,成都
2021/12/10,64,17,27,5,0.8,35,116,成都
2021/12/11,39,19,28,5,0.8,31,73,成都
2021/12/12,55,14,23,5,0.7,24,105,成都
2021/12/13,79,11,24,6,0.7,31,134,成都
2021/12/14,103,26,46,5,0.8,41,163,成都
2021/12/15,49,27,38,5,0.8,39,68,成都
2021/12/16,33,11,16,4,0.7,21,66,成都
2021/12/17,44,10,18,5,0.7,24,88,成都
2021/12/18,57,14,31,5,0.8,30,108,成都
2021/12/19,39,9,18,4,0.6,20,77,成都
2021/12/20,49,10,21,4,0.7,28,98,成都
2021/12/21,72,17,31,4,0.7,31,126,成都
2021/12/22,39,14,24,4,0.7,31,64,成都
2021/12/23,64,21,50,4,0.8,51,66,成都
2021/12/24,63,25,46,4,0.9,50,101,成都
2021/12/25,85,21,42,4,0.7,45,141,成都
2021/12/26,106,39,70,5,0.9,55,166,成都
2021/12/27,68,35,60,4,0.9,47,121,成都
2021/12/28,65,27,46,4,0.7,32,117,成都
2021/12/29,43,8,14,4,0.6,25,85,成都
2021/12/30,47,14,30,4,0.7,37,76,成都
2021/12/31,125,21,40,4,0.8,42,187,成都
2022/1/1,80,32,56,4,0.8,44,136,成都
2022/1/2,54,25,43,5,0.8,43,65,成都
2022/1/3,47,11,18,4,0.6,21,93,成都
2022/1/4,49,15,27,4,0.6,28,98,成都
2022/1/5,34,13,24,4,0.6,27,46,成都
2022/1/6,55,8,15,4,0.5,21,105,成都
2022/1/7,149,22,44,6,0.8,41,213,成都
2022/1/8,75,23,45,5,0.8,40,129,成都
2022/1/9,95,18,35,5,0.7,32,153,成都
2022/1/10,130,23,46,5,0.8,41,193,成都
2022/1/11,130,26,52,6,0.7,40,192,成都
2022/1/12,185,40,80,8,0.9,54,250,成都
2022/1/13,102,43,90,8,0.9,51,162,成都
2022/1/14,100,18,36,5,0.7,29,160,成都
2022/1/15,120,24,47,6,0.7,39,182,成都
2022/1/16,140,27,54,6,0.8,51,204,成都
2022/1/17,174,43,80,8,0.9,58,239,成都
2022/1/18,71,51,92,14,0.9,49,118,成都
2022/1/19,51,35,52,6,0.8,34,86,成都
2022/1/20,50,27,43,5,0.9,40,81,成都
2022/1/21,52,24,42,5,0.8,33,102,成都
2022/1/22,109,35,51,5,0.8,29,169,成都
2022/1/23,119,26,42,5,0.7,30,180,成都
2022/1/24,151,41,64,7,0.9,41,216,成都
2022/1/25,114,40,65,7,0.9,42,175,成都
2022/1/26,121,54,90,8,1,49,183,成都
2022/1/27,68,14,31,5,0.7,34,121,成都
2022/1/28,79,22,43,6,0.8,36,134,成都
2022/1/29,102,31,59,6,0.9,43,162,成都
2022/1/30,59,41,66,9,0.9,47,96,成都
2022/1/31,54,27,40,4,0.9,43,70,成都
2022/2/1,59,42,62,4,1,43,87,成都
2022/2/2,43,30,41,4,0.9,32,68,成都
2022/2/3,43,30,43,5,0.8,32,50,成都
2022/2/4,35,20,30,4,0.8,28,44,成都
2022/2/5,42,28,39,5,0.7,30,84,成都
2022/2/6,54,36,57,5,0.9,42,63,成都
2022/2/7,46,32,45,5,0.9,36,66,成都
2022/2/8,41,21,31,5,0.7,21,82,成都
2022/2/9,34,19,28,4,0.8,27,49,成都
2022/2/10,37,6,13,4,0.7,20,74,成都
2022/2/11,40,21,32,5,0.9,32,47,成都
2022/2/12,45,25,41,5,0.9,36,65,成都
2022/2/13,36,4,9,4,0.5,13,72,成都
2022/2/14,38,6,12,4,0.5,18,75,成都
2022/2/15,42,13,26,5,0.7,33,59,成都
2022/2/16,44,21,37,8,0.8,35,80,成都
2022/2/17,37,9,19,6,0.6,29,55,成都
2022/2/18,47,15,34,6,0.7,32,93,成都
2022/2/19,39,14,30,6,0.7,31,33,成都
2022/2/20,52,20,44,6,0.8,41,58,成都
2022/2/21,67,26,55,7,0.8,53,75,成都
2022/2/22,78,43,86,8,1,60,133,成都
2022/2/23,73,51,91,9,0.9,58,50,成都
2022/2/24,48,26,40,5,0.6,38,45,成都
2022/2/25,60,22,35,7,0.5,34,112,成都
2022/2/26,69,41,75,7,0.8,55,73,成都
2022/2/27,75,55,92,7,1,56,128,成都
2022/2/28,83,61,99,6,1,57,130,成都
2022/3/1,102,76,117,9,1.1,58,126,成都
2022/3/2,103,77,128,9,1.2,63,90,成都
2022/3/3,78,57,80,6,0.9,28,105,成都
2022/3/4,60,43,57,8,0.7,25,86,成都
2022/3/5,59,42,60,5,0.8,27,63,成都
2022/3/6,32,14,26,5,0.7,25,44,成都
2022/3/7,45,15,26,5,0.6,29,89,成都
2022/3/8,32,15,27,5,0.7,25,31,成都
2022/3/9,39,16,29,5,0.7,31,57,成都
2022/3/10,45,26,41,5,0.7,36,40,成都
2022/3/11,45,23,40,8,0.7,36,32,成都
2022/3/12,59,35,62,8,0.9,47,36,成都
2022/3/13,64,34,60,8,0.8,51,71,成都
2022/3/14,58,28,51,5,0.6,46,67,成都
2022/3/15,57,34,55,6,0.7,45,31,成都
2022/3/16,53,25,42,5,0.6,42,37,成都
2022/3/17,49,27,40,6,0.6,39,37,成都
2022/3/18,43,14,25,5,0.6,34,73,成都
2022/3/19,54,26,42,6,0.7,43,86,成都
2022/3/20,57,24,42,6,0.6,45,92,成都
2022/3/21,67,44,72,8,0.7,53,79,成都
2022/3/22,82,60,91,8,0.8,55,40,成都
2022/3/23,55,37,59,5,0.8,41,27,成都
2022/3/24,47,24,40,6,0.7,37,57,成都
2022/3/25,53,21,39,6,0.7,42,51,成都
2022/3/26,37,18,30,5,0.6,29,48,成都
2022/3/27,34,7,13,5,0.4,27,52,成都
2022/3/28,47,19,25,5,0.5,37,38,成都
2022/3/29,49,24,35,6,0.5,39,39,成都
2022/3/30,65,33,53,6,0.7,52,67,成都
2022/3/31,69,50,75,8,0.9,53,75,成都
2022/4/1,97,72,92,9,0.9,60,65,成都
2022/4/2,80,59,85,6,0.8,50,37,成都
2022/4/3,53,37,53,7,0.6,39,53,成都
2022/4/4,59,42,62,6,0.7,44,73,成都
2022/4/5,50,35,47,4,0.5,28,78,成都
2022/4/6,67,48,66,6,0.7,40,42,成都
2022/4/7,50,35,49,7,0.5,30,59,成都
2022/4/8,58,41,57,7,0.7,43,61,成都
2022/4/9,70,51,74,7,0.7,42,61,成都
2022/4/10,100,75,99,6,0.7,54,33,成都
2022/4/11,108,81,110,10,0.9,47,19,成都
2022/4/12,88,65,91,7,0.9,43,42,成都
2022/4/13,112,84,118,8,1,48,22,成都
2022/4/14,65,47,64,7,0.6,33,58,成都
2022/4/15,52,20,49,6,0.5,41,43,成都
2022/4/16,70,36,90,8,0.6,54,63,成都
2022/4/17,89,54,107,13,0.8,71,35,成都
2022/4/18,103,77,132,10,0.8,55,57,成都
2022/4/19,93,69,110,6,0.7,42,46,成都
2022/4/20,88,45,126,7,0.5,43,49,成都
2022/4/21,81,48,111,6,0.6,51,14,成都
2022/4/22,65,45,80,6,0.6,35,24,成都
2022/4/23,67,48,80,6,0.8,40,32,成都
2022/4/24,89,66,98,7,0.8,50,10,成都
2022/4/25,107,80,107,7,0.9,45,21,成都
2022/4/26,46,32,44,5,0.7,34,41,成都
2022/4/27,43,14,26,5,0.5,34,45,成都
2022/4/28,44,27,43,6,0.6,35,21,成都
2022/4/29,53,36,55,7,0.8,37,12,成都
2022/4/30,37,19,33,5,0.7,29,26,成都
2022/5/1,33,23,31,5,0.7,26,9,成都
2022/5/2,38,23,38,5,0.8,30,23,成都
2022/5/3,55,35,58,7,0.8,44,41,成都
2022/5/4,68,38,66,8,0.9,54,27,成都
2022/5/5,70,51,87,7,1,54,23,成都
2022/5/6,90,67,103,8,1,60,39,成都
2022/5/7,100,75,100,9,0.9,49,65,成都
2022/5/8,70,51,69,8,0.8,44,72,成都
2022/5/9,100,75,107,9,0.9,63,27,成都
2022/5/10,125,95,127,9,1.1,64,44,成都
2022/5/11,156,119,161,10,1.3,64,44,成都
2022/5/12,169,128,168,9,1.4,70,64,成都
2022/5/13,178,134,178,9,1.3,68,45,成都
2022/5/14,173,131,167,12,1.2,59,21,成都
2022/5/15,183,138,170,10,1.2,56,17,成都
2022/5/16,173,131,171,10,1.2,65,15,成都
2022/5/17,156,119,154,9,1.1,59,35,成都
2022/5/18,115,87,109,8,1,46,33,成都
2022/5/19,57,38,63,9,0.8,42,35,成都
2022/5/20,53,34,56,6,0.6,38,50,成都
2022/5/21,63,45,74,7,0.7,45,35,成都
2022/5/22,72,52,74,8,0.8,44,10,成都
2022/5/23,69,50,70,9,0.8,42,38,成都
2022/5/24,99,74,98,10,0.9,44,28,成都
2022/5/25,112,84,108,9,1,48,19,成都
2022/5/26,115,87,120,9,1.1,53,7,成都
2022/5/27,105,79,106,11,1,49,12,成都
2022/5/28,51,24,52,6,0.6,38,52,成都
2022/5/29,67,38,82,7,0.7,53,52,成都
2022/5/30,77,56,94,7,0.7,57,44,成都
2022/5/31,108,81,117,8,0.9,51,28,成都
2022/6/1,122,92,124,7,0.9,49,56,成都
2022/6/2,145,111,148,7,1,61,19,成都
2022/6/3,135,103,124,6,0.9,45,27,成都
2022/6/4,135,103,132,10,1,57,22,成都
2022/6/5,105,79,102,6,1,57,56,成都
2022/6/6,118,89,119,8,1.1,67,16,成都
2022/6/7,129,98,124,6,0.9,52,18,成都
2022/6/8,120,91,116,8,1.2,61,17,成都
2022/6/9,78,57,85,7,1,53,71,成都
2022/6/10,103,76,117,8,1.2,85,30,成都
2022/6/11,90,67,91,7,1,48,26,成都
2022/6/12,53,35,55,7,1.1,39,37,成都
2022/6/13,68,48,70,6,1.2,54,69,成都
2022/6/14,97,72,97,9,1.4,58,82,成都
2022/6/15,102,76,97,13,1.2,54,24,成都
2022/6/16,129,98,131,7,1.3,56,14,成都
2022/6/17,68,49,60,5,0.9,29,16,成都
2022/6/18,58,41,50,5,0.9,33,49,成都
2022/6/19,87,64,85,6,1,48,16,成都
2022/6/20,100,75,97,6,1.1,45,33,成都
2022/6/21,74,54,68,5,0.9,39,82,成都
2022/6/22,104,78,100,7,1,48,70,成都
2022/6/23,120,91,111,7,0.9,37,68,成都
2022/6/24,140,107,124,7,1,42,63,成都
2022/6/25,156,119,134,6,1.1,41,33,成都
2022/6/26,78,57,65,6,0.8,17,75,成都
2022/6/27,68,49,53,7,0.8,14,92,成都
2022/6/28,57,40,45,6,0.8,15,58,成都
2022/6/29,54,38,43,7,0.8,14,49,成都
2022/6/30,68,49,54,6,0.9,22,43,成都
2022/7/1,62,44,49,5,0.9,22,75,成都
2022/7/2,65,47,54,6,0.8,21,65,成都
2022/7/3,60,43,48,5,0.7,16,56,成都
2022/7/4,58,41,46,5,0.7,14,38,成都
2022/7/5,54,38,42,5,0.6,20,63,成都
2022/7/6,46,32,38,5,0.5,17,78,成都
2022/7/7,50,35,40,5,0.6,16,76,成都
2022/7/8,79,58,66,6,0.7,17,56,成都
2022/7/9,43,30,34,5,0.6,13,80,成都
2022/7/10,62,44,49,5,0.7,13,47,成都
2022/7/11,70,51,59,7,0.9,21,50,成都
2022/7/12,55,39,47,6,0.8,13,82,成都
2022/7/13,49,34,41,6,0.7,15,82,成都
2022/7/14,73,53,60,6,0.8,15,90,成都
2022/7/15,113,85,99,7,1,24,86,成都
2022/7/16,115,87,96,7,0.9,21,96,成都
2022/7/17,77,56,76,6,0.7,16,76,成都
2022/7/18,76,24,101,5,0.4,8,71,成都
2022/7/19,60,25,69,5,0.5,13,89,成都
2022/7/20,61,39,72,8,0.5,20,75,成都
2022/7/21,68,49,79,9,0.6,21,83,成都
2022/7/22,62,44,61,6,0.6,15,92,成都
2022/7/23,68,49,61,6,0.6,16,74,成都
2022/7/24,58,36,65,5,0.5,22,88,成都
2022/7/25,83,61,88,6,0.7,31,50,成都
2022/7/26,108,81,107,7,0.8,36,55,成都
2022/7/27,110,83,108,7,0.8,38,95,成都
2022/7/28,109,82,105,7,0.8,39,109,成都
2022/7/29,114,86,110,7,0.9,44,103,成都
2022/7/30,138,105,125,6,1,34,54,成都
2022/7/31,38,17,22,6,0.8,29,76,成都
2022/8/1,69,31,45,7,0.8,39,122,成都
2022/8/2,60,41,70,8,0.7,35,63,成都
2022/8/3,34,17,34,5,0.6,18,67,成都
2022/8/4,38,22,38,6,0.5,29,69,成都
2022/8/5,42,24,41,6,0.5,30,83,成都
2022/8/6,60,43,64,7,0.6,29,62,成都
2022/8/7,72,52,68,7,0.6,30,65,成都
2022/8/8,77,56,78,8,0.6,34,100,成都
2022/8/9,84,62,89,11,0.7,38,72,成都
2022/8/10,64,28,77,7,0.5,31,60,成都
2022/8/11,55,22,60,6,0.4,27,75,成都
2022/8/12,63,35,75,7,0.5,29,92,成都
2022/8/13,80,59,105,8,0.6,42,76,成都
2022/8/14,88,63,125,8,0.7,50,71,成都
2022/8/15,89,45,128,9,0.7,62,49,成都
2022/8/16,87,55,123,10,0.8,56,50,成都
2022/8/17,51,28,52,6,0.6,29,58,成都
2022/8/18,54,23,46,6,0.6,43,98,成都
2022/8/19,88,46,88,9,0.7,70,89,成都
2022/8/20,66,28,58,9,0.5,44,119,成都
2022/8/21,84,48,93,11,0.7,65,140,成都
2022/8/22,98,52,98,12,0.7,53,157,成都
2022/8/23,57,38,64,6,0.7,42,106,成都
2022/8/24,92,51,104,10,0.8,59,150,成都
2022/8/25,102,76,132,10,0.8,61,141,成都
2022/8/26,100,75,110,8,0.9,44,155,成都
2022/8/27,95,71,132,9,0.8,41,86,成都
2022/8/28,43,16,38,5,0.5,18,86,成都
2022/8/29,29,10,19,5,0.6,20,57,成都
2022/8/30,34,12,21,5,0.6,23,67,成都
2022/8/31,44,21,38,5,0.6,35,44,成都
2022/9/1,48,24,36,5,0.6,31,96,成都
2022/9/2,48,31,48,6,0.6,33,81,成都
2022/9/3,48,30,48,6,0.6,28,52,成都
2022/9/4,25,8,13,4,0.6,20,47,成都
2022/9/5,42,20,28,5,0.6,26,83,成都
2022/9/6,52,35,53,5,0.6,36,83,成都
2022/9/7,72,52,78,5,0.8,47,41,成都
2022/9/8,100,75,105,6,0.9,46,84,成都
2022/9/9,72,43,62,7,0.7,41,126,成都
2022/9/10,79,40,68,7,0.8,49,134,成都
2022/9/11,77,33,54,6,0.6,25,132,成都
2022/9/12,63,32,76,5,0.6,35,108,成都
2022/9/13,85,44,119,7,0.7,55,109,成都
2022/9/14,60,41,69,4,0.6,33,79,成都
2022/9/15,73,48,71,4,0.7,44,127,成都
2022/9/16,104,78,119,7,1.1,73,129,成都
2022/9/17,124,94,136,9,0.9,66,159,成都
2022/9/18,67,43,84,6,0.6,51,104,成都
2022/9/19,73,19,45,5,0.5,22,127,成都
2022/9/20,50,28,50,5,0.6,36,56,成都
2022/9/21,54,33,57,6,0.7,40,87,成都
2022/9/22,41,18,33,4,0.4,26,82,成都
2022/9/23,41,15,31,5,0.4,25,81,成都
2022/9/24,51,22,39,8,0.4,27,101,成都
2022/9/25,70,31,51,5,0.4,36,123,成都
2022/9/26,90,35,63,6,0.6,54,147,成都
2022/9/27,100,42,70,9,0.6,57,159,成都
2022/9/28,100,39,76,6,0.7,68,160,成都
2022/9/29,123,44,86,7,0.8,76,185,成都
2022/9/30,107,59,115,9,0.9,93,103,成都
2022/10/1,116,42,67,6,0.6,36,177,成都
2022/10/2,143,62,87,7,0.7,45,207,成都
2022/10/3,151,55,91,8,0.8,67,216,成都
2022/10/4,156,57,98,8,0.9,70,221,成都
2022/10/5,138,56,96,11,0.8,46,201,成都
2022/10/6,104,56,91,7,0.7,44,164,成都
2022/10/7,153,54,86,6,0.7,39,218,成都
2022/10/8,36,21,32,5,0.6,21,71,成都
2022/10/9,75,14,32,6,0.5,27,130,成都
2022/10/10,51,19,51,4,0.4,23,85,成都
2022/10/11,94,17,40,6,0.4,29,152,成都
2022/10/12,82,42,113,5,0.5,35,88,成都
2022/10/13,87,56,123,6,0.6,67,43,成都
2022/10/14,117,65,136,8,0.6,55,178,成都
2022/10/15,117,72,109,4,0.6,35,178,成都
2022/10/16,146,69,108,5,0.6,36,210,成都
2022/10/17,123,64,100,6,0.6,39,185,成都
2022/10/18,97,13,37,4,0.4,33,156,成都
2022/10/19,119,33,75,8,0.5,51,180,成都
2022/10/20,136,42,86,8,0.5,42,199,成都
2022/10/21,65,43,72,5,0.6,22,118,成都
2022/10/22,51,33,52,4,0.6,36,68,成都
2022/10/23,73,24,55,6,0.6,48,127,成都
2022/10/24,181,52,93,7,0.7,56,246,成都
2022/10/25,39,15,31,4,0.4,19,78,成都
2022/10/26,42,20,33,5,0.5,33,81,成都
2022/10/27,65,43,71,7,0.8,52,69,成都
2022/10/28,63,17,33,5,0.5,32,115,成都
2022/10/29,77,21,41,8,0.5,32,132,成都
2022/10/30,109,31,55,7,0.5,41,169,成都
2022/10/31,134,47,75,6,0.6,43,197,成都
2022/11/1,147,63,89,5,0.6,32,211,成都
2022/11/2,50,29,44,4,0.5,23,99,成都
2022/11/3,78,11,25,4,0.4,24,133,成都
2022/11/4,95,25,60,6,0.5,48,153,成都
2022/11/5,148,36,73,6,0.6,47,212,成都
2022/11/6,175,45,85,7,0.7,59,240,成都
2022/11/7,135,48,86,8,0.7,43,198,成都
2022/11/8,75,39,59,4,0.6,22,129,成都
2022/11/9,63,27,43,4,0.6,20,115,成都
2022/11/10,133,31,63,5,0.5,32,196,成都
2022/11/11,120,34,63,4,0.6,27,181,成都
2022/11/12,73,53,85,5,0.7,38,122,成都
2022/11/13,76,33,50,3,0.7,37,131,成都
2022/11/14,55,28,51,4,0.7,44,82,成都
2022/11/15,90,31,62,5,0.6,43,148,成都
2022/11/16,130,48,88,7,0.7,36,193,成都
2022/11/17,49,25,40,4,0.6,22,97,成都
2022/11/18,39,12,20,4,0.7,27,78,成都
2022/11/19,69,14,30,4,0.6,30,122,成都
2022/11/20,109,30,52,5,0.7,39,169,成都
2022/11/21,49,32,49,4,0.7,25,77,成都
2022/11/22,50,35,47,3,0.8,32,54,成都
2022/11/23,47,22,34,3,0.8,28,94,成都
2022/11/24,107,16,30,4,0.7,30,167,成都
2022/11/25,106,23,41,6,0.7,31,166,成都
2022/11/26,144,32,49,5,0.7,22,208,成都
2022/11/27,56,19,30,4,0.7,18,107,成都
2022/11/28,90,12,21,4,0.6,18,148,成都
2022/11/29,107,15,31,4,0.8,28,167,成都
2022/11/30,126,27,49,4,0.9,42,188,成都
2022/12/1,120,24,43,4,0.8,25,182,成都
2022/12/2,43,13,23,4,0.6,19,86,成都
2022/12/3,154,21,44,4,0.6,34,219,成都
2022/12/4,90,23,41,5,0.6,21,148,成都
2022/12/5,60,25,33,4,0.6,21,111,成都
2022/12/6,75,25,35,4,0.7,26,129,成都
2022/12/7,95,26,38,4,0.7,23,154,成都
2022/12/8,60,32,47,5,0.8,32,112,成都
2022/12/9,103,40,54,4,0.9,31,163,成都
2022/12/10,84,23,35,4,0.7,32,140,成都
2022/12/11,40,22,36,4,0.6,30,79,成都
2022/12/12,46,5,9,4,0.5,12,92,成都
2022/12/13,71,12,25,5,0.7,25,125,成都
2022/12/14,79,21,37,7,0.8,30,134,成都
2022/12/15,59,31,43,4,0.8,22,110,成都
2022/12/16,41,7,14,4,0.7,15,81,成都
2022/12/17,27,11,18,3,0.7,21,45,成都
2022/12/18,93,13,23,4,0.7,28,151,成都
2022/12/19,52,20,36,4,0.8,41,72,成都
2022/12/20,99,17,34,4,0.6,38,158,成都
2022/12/21,63,29,57,5,0.6,50,103,成都
2022/12/22,43,24,34,4,0.6,25,86,成都
2022/12/23,48,26,35,5,0.7,30,95,成都
2022/12/24,48,27,41,4,0.8,38,73,成都
2022/12/25,44,23,37,6,0.8,31,87,成都
2022/12/26,30,10,15,5,0.7,24,35,成都
2022/12/27,85,17,46,4,0.7,35,141,成都
2022/12/28,147,33,85,7,0.7,45,211,成都
2022/12/29,140,40,92,8,0.6,39,203,成都
2022/12/30,50,23,42,5,0.5,27,100,成都
2022/12/31,40,16,24,4,0.5,16,79,成都
2023/1/1,28,11,19,4,0.6,18,55,成都
2023/1/2,45,18,28,4,0.7,24,90,成都
2023/1/3,105,25,44,5,0.8,33,165,成都
2023/1/4,49,23,39,5,0.8,35,98,成都
2023/1/5,70,26,48,5,0.7,34,124,成都
2023/1/6,105,23,45,5,0.7,22,165,成都
2023/1/7,110,35,55,6,0.7,23,171,成都
2023/1/8,47,29,40,4,0.7,25,94,成都
2023/1/9,97,23,37,5,0.6,27,156,成都
2023/1/10,138,22,41,5,0.6,24,201,成都
2023/1/11,120,31,53,5,0.7,32,182,成都
2023/1/12,34,20,32,5,0.7,25,68,成都
2023/1/13,29,8,12,4,0.6,15,58,成都
2023/1/14,36,14,20,4,0.5,22,72,成都
2023/1/15,52,18,25,4,0.6,27,102,成都
2023/1/16,24,14,19,4,0.5,17,48,成都
2023/1/17,30,4,6,4,0.4,11,60,成都
2023/1/18,31,11,16,4,0.5,13,61,成都
2023/1/19,45,8,13,4,0.5,20,89,成都
2023/1/20,65,30,46,6,0.7,36,117,成都
2023/1/21,104,40,61,6,0.8,43,164,成都
2023/1/22,76,36,58,5,0.8,44,131,成都
2023/1/23,54,38,55,7,0.7,33,76,成都
2023/1/24,42,25,34,4,0.6,20,84,成都
2023/1/25,67,6,14,4,0.5,23,120,成都
2023/1/26,117,24,47,6,0.7,48,178,成都
2023/1/27,95,34,63,6,0.8,51,153,成都
2023/1/28,142,36,63,7,0.8,47,206,成都
2023/1/29,133,54,82,9,0.8,44,196,成都
2023/1/30,117,21,33,5,0.6,25,178,成都
2023/1/31,47,25,36,5,0.6,20,93,成都
2023/2/1,33,13,22,5,0.6,24,66,成都
2023/2/2,48,30,48,6,0.7,34,95,成都
2023/2/3,86,23,41,6,0.7,39,143,成都
2023/2/4,62,31,63,7,0.7,49,111,成都
2023/2/5,72,41,73,6,0.7,47,126,成都
2023/2/6,72,52,83,6,0.9,47,75,成都
2023/2/7,91,19,34,5,0.6,32,149,成都
2023/2/8,85,27,48,7,0.6,39,141,成都
2023/2/9,70,37,59,6,0.7,42,123,成都
2023/2/10,50,35,50,5,0.7,33,76,成都
2023/2/11,75,21,33,6,0.6,29,129,成都
2023/2/12,52,29,53,7,0.7,40,64,成都
2023/2/13,32,20,27,4,0.6,21,63,成都
2023/2/14,38,20,29,5,0.6,19,76,成都
2023/2/15,41,14,22,5,0.6,21,82,成都
2023/2/16,49,23,41,5,0.8,39,74,成都
2023/2/17,36,21,36,5,0.7,27,59,成都
2023/2/18,50,14,31,5,0.6,30,99,成都
2023/2/19,58,21,41,6,0.7,37,109,成都
2023/2/20,53,33,55,6,0.7,38,80,成都
